id,domain,capability,replit_role,evidence_class,evidence,evidence_refs,replit_authority,vibeflow_equivalent,vibeflow_authority_rule,canonical_decision,decision,candidate,license_commercial_posture,priority,verification_gate,rationale
R2V-001,01 Experience surfaces and navigation,Android/iOS native shell,"Account, projects, Agent status, mobile navigation, device capabilities and workspace launch surface.",PACKAGE-PROVEN,P,Prior XAPK/docs evidence register; see Final Source Register,Replit mobile client,VibeFlow Mobile Shell,"VibeFlow is authoritative for VibeFlow Mobile Shell state/policy; external IDs are references, never the source of VibeFlow truth.",OWN,OWN,Expo + React Native,MIT,P1,Functional + security tests,Mobile is a control/approval/inspection surface and must feel native.
R2V-002,01 Experience surfaces and navigation,Create prompt composer and artifact-type selector,Starts new work from natural language with artifact type and Plan toggle.,DOCUMENTED,D,Replit Docs: Build Welcome,Replit product UI,Create Surface,"VibeFlow is authoritative for Create Surface state/policy; external IDs are references, never the source of VibeFlow truth.",OWN,OWN,React Native/Web UI,MIT,P1,Functional + security tests,Core zero-to-project entry point.
R2V-003,01 Experience surfaces and navigation,History timeline surface,Visualizes checkpoints and allows rollback/roll-forward navigation.,DOCUMENTED,D,Replit Docs: Checkpoints and Rollbacks,Checkpoint/history system,Recovery Timeline,"VibeFlow is authoritative for Recovery Timeline state/policy; external IDs are references, never the source of VibeFlow truth.",OWN,OWN,Custom UI over checkpoint manifests,CUSTOM/OWNED,P1,Functional + security tests,"Recovery needs cross-provider evidence, not just Git history."
R2V-004,01 Experience surfaces and navigation,Home / recent projects,Discovery and resumption of current projects.,PACKAGE-PROVEN,P,Prior XAPK/docs evidence register; see Final Source Register,Replit project metadata,Home / Project switcher,"VibeFlow is authoritative for Home / Project switcher state/policy; external IDs are references, never the source of VibeFlow truth.",OWN,OWN,React Native UI + PostgreSQL query,MIT; PostgreSQL License,P1,Functional + security tests,Core mobile navigation.
R2V-005,01 Experience surfaces and navigation,Integrations management surface,Catalog and connection status for first-party connectors and MCP servers.,DOCUMENTED,D,Replit Docs: Connect via MCP,Connection service,Connections Center,"VibeFlow is authoritative for Connections Center state/policy; external IDs are references, never the source of VibeFlow truth.",OWN,OWN,Custom UI + MCP catalog,MIT,P1,Functional + security tests,VibeFlow owns grants/policy while providers own credentials/tokens.
R2V-006,01 Experience surfaces and navigation,Native mobile artifact preview,Simulator/emulator/Expo Go preview for generated apps.,DOCUMENTED,D,Prior XAPK/docs evidence register; see Final Source Register,Replit workspace/mobile build system,Mobile Preview Capability,"External/provider implementation remains authoritative; VibeFlow owns binding, grants, policy, normalized state and evidence for Mobile Preview Capability.",BRIDGE,BRIDGE,Expo + Android Emulator + provider capability,MIT,P1,Functional + security tests,"Provider capability, not core authority."
R2V-007,01 Experience surfaces and navigation,Notifications / Live Activities,"Background task status, prompts and progress.",PACKAGE-PROVEN,P,Prior XAPK/docs evidence register; see Final Source Register,Replit mobile client,Action Center + push status,"VibeFlow is authoritative for Action Center + push status state/policy; external IDs are references, never the source of VibeFlow truth.",OWN,OWN,APNs/FCM + Expo Notifications,MIT,P1,Functional + security tests,Critical phone-as-control-surface feature.
R2V-008,01 Experience surfaces and navigation,Preview surface,Interactive live development preview inside the editor.,DOCUMENTED,D,Replit Docs: Development URLs,Development runtime + Project Editor,Preview Pane,"External/provider implementation remains authoritative; VibeFlow owns binding, grants, policy, normalized state and evidence for Preview Pane.",BRIDGE,BRIDGE,iframe/WebView + workspace preview adapter,VERIFY PER DEPENDENCY,P1,Functional + security tests,Preview authority belongs to the workspace/runtime provider.
R2V-009,01 Experience surfaces and navigation,Project cover / project information,"Project metadata, ownership, settings and share operations.",PACKAGE-PROVEN,P,Prior XAPK/docs evidence register; see Final Source Register,Replit project service,Project Overview,"VibeFlow is authoritative for Project Overview state/policy; external IDs are references, never the source of VibeFlow truth.",OWN,OWN,Custom UI,CUSTOM/OWNED,P1,Functional + security tests,Product-level project identity is VibeFlow-owned.
R2V-010,01 Experience surfaces and navigation,Project Editor,Browser-delivered development environment with tools/panes.,DOCUMENTED,D,Prior XAPK/docs evidence register; see Final Source Register,Replit web workspace,Provider-neutral Workspace Surface,"VibeFlow is authoritative for Provider-neutral Workspace Surface state/policy; external IDs are references, never the source of VibeFlow truth.",OWN,ADOPT+OWN,Monaco/code-server/xterm.js + custom shell,MIT,P1,Functional + security tests,Do not rebuild every IDE surface natively.
R2V-011,01 Experience surfaces and navigation,Search / command surface,"Locates tools, projects and workspace actions from a unified search entry.",DOCUMENTED,D,Replit Docs: Project Editor,Replit Project Editor,Command/Search Palette,"VibeFlow is authoritative for Command/Search Palette state/policy; external IDs are references, never the source of VibeFlow truth.",OWN,OWN+ADOPT,cmdk/Monaco command APIs + custom registry,MIT,P1,Functional + security tests,A provider-neutral command plane should not depend on one workspace vendor.
R2V-012,01 Experience surfaces and navigation,Security center surface,Surfaces vulnerabilities and Agent remediation actions.,DOCUMENTED,D,Replit Docs: Workspace Security Center 2.0,Security service,Assurance Center,"VibeFlow is authoritative for Assurance Center state/policy; external IDs are references, never the source of VibeFlow truth.",OWN,OWN+ADOPT,Custom UI + scanner adapters,CUSTOM/OWNED,P1,Functional + security tests,Security results must feed verification/policy.
R2V-013,01 Experience surfaces and navigation,Settings/account/billing surface,"Profile, plans, usage, connections, security settings.",CORROBORATED,P+D,Prior XAPK/docs evidence register; see Final Source Register,Replit account/control plane,Account & Billing,"VibeFlow is authoritative for Account & Billing state/policy; external IDs are references, never the source of VibeFlow truth.",OWN,OWN,Native + web business portal,CUSTOM/OWNED,P1,Functional + security tests,VibeFlow owns product account/entitlement UX.
R2V-014,01 Experience surfaces and navigation,Task activity / progress surface,Displays active Agent work and task progress separately from code tools.,DOCUMENTED,D,Replit Docs: Agent 4; Project Editor,Agent/task system,Task Activity Center,"VibeFlow is authoritative for Task Activity Center state/policy; external IDs are references, never the source of VibeFlow truth.",OWN,OWN,Custom task/event UI,CUSTOM/OWNED,P1,Functional + security tests,Durable task state is a VibeFlow authority.
R2V-015,01 Experience surfaces and navigation,Tool dock / all-tools launcher,"Opens workspace tools such as Git, Database, App Storage and Security.",DOCUMENTED,D,Replit Docs: Project Editor; App Storage,Replit Project Editor,Capability Dock,"VibeFlow is authoritative for Capability Dock state/policy; external IDs are references, never the source of VibeFlow truth.",OWN,OWN,Custom capability registry UI,CUSTOM/OWNED,P1,Functional + security tests,Expose capabilities based on bound providers rather than fixed Replit services.
R2V-016,01 Experience surfaces and navigation,Workspace WebView on mobile,Hosts dense workspace/editor experience from native app.,PACKAGE-PROVEN,P,Prior XAPK/docs evidence register; see Final Source Register,Replit mobile + web workspace,Secure Workspace Web Surface,"VibeFlow is authoritative for Secure Workspace Web Surface state/policy; external IDs are references, never the source of VibeFlow truth.",BRIDGE,OWN BRIDGE,react-native-webview + custom bridge,CUSTOM/OWNED,P1,Functional + security tests,Hybrid surface is validated by direct client evidence.
R2V-017,02 Mobile native client and device integration,Android navigation mode detection,Custom native module reads Android secure navigation_mode to adapt UX.,PACKAGE-PROVEN,P-DALVIK,APK: android/21_replit_custom_dalvik_disassembly.json,AndroidDeviceInfo native module,Device Geometry Capability,"VibeFlow is authoritative for Device Geometry Capability state/policy; external IDs are references, never the source of VibeFlow truth.",OWN,OWN THIN,Expo native module / Android Settings API,MIT,P1,Device/native integration tests + permission/security review,Direct custom Dalvik evidence shows mobile geometry is first-class.
R2V-018,02 Mobile native client and device integration,App group / shared iOS container,App config declares app-group capability for extension/shared state.,PACKAGE-PROVEN,P-CONFIG,APK: android/06_expo_app_config.json,iOS application shell,Extension Shared Container,Not a greenfield core authority; no foundational dependency on this capability.,DEFER,DEFER,Apple App Groups,EXTERNAL/PLATFORM - commercial terms apply,P1,Device/native integration tests + permission/security review,Needed only if VibeFlow uses widgets/live extensions requiring shared state.
R2V-019,02 Mobile native client and device integration,App lifecycle integration for keyboard observers,Native lifecycle listener starts/stops keyboard observation safely.,PACKAGE-PROVEN,P-DALVIK,APK: android/21_replit_custom_dalvik_disassembly.json,PhysicalKeyboard native module,Lifecycle-bound Device Observers,"VibeFlow is authoritative for Lifecycle-bound Device Observers state/policy; external IDs are references, never the source of VibeFlow truth.",OWN,OWN THIN,Expo module lifecycle APIs,MIT,P1,Device/native integration tests + permission/security review,Prevents stale device-state listeners.
R2V-020,02 Mobile native client and device integration,Biometric re-authentication,Device-local access gating capability.,PACKAGE-PROVEN,P,Prior XAPK/docs evidence register; see Final Source Register,Device security,Local approval unlock,Adopt commodity/open mechanism; VibeFlow stores only product-level metadata/policy for Local approval unlock.,ADOPT,ADOPT,Platform biometrics,VERIFY PER DEPENDENCY,P1,Device/native integration tests + permission/security review,Useful for sensitive approvals.
R2V-021,02 Mobile native client and device integration,Camera/photo attachment,Visual context for AI/build tasks.,PACKAGE-PROVEN,P,Prior XAPK/docs evidence register; see Final Source Register,Device capability,Context attachment,Adopt commodity/open mechanism; VibeFlow stores only product-level metadata/policy for Context attachment.,ADOPT,ADOPT,Expo camera/image picker,MIT,P1,Device/native integration tests + permission/security review,Attach evidence/context; scope permissions.
R2V-022,02 Mobile native client and device integration,Deep links/app links,Open auth/project/workspace/payment routes from external contexts.,PACKAGE-PROVEN,P,Prior XAPK/docs evidence register; see Final Source Register,Mobile routing,Signed/declarative deep-link router,"VibeFlow is authoritative for Signed/declarative deep-link router state/policy; external IDs are references, never the source of VibeFlow truth.",OWN,OWN+ADOPT,Platform App Links/Universal Links,CUSTOM/OWNED,P1,Device/native integration tests + permission/security review,Bind links to account/project context.
R2V-023,02 Mobile native client and device integration,Expo splash / ReactActivity delegate integration,MainActivity uses Expo splash and wrapped ReactActivity delegate.,PACKAGE-PROVEN,P-DALVIK,APK: android/24_replit_custom_dalvik_disassembly.txt,Android application shell,Mobile Bootstrap,Adopt commodity/open mechanism; VibeFlow stores only product-level metadata/policy for Mobile Bootstrap.,ADOPT,ADOPT,Expo + React Native,MIT,P1,Device/native integration tests + permission/security review,Commodity shell mechanics.
R2V-024,02 Mobile native client and device integration,Expo/React Native runtime,Cross-platform application runtime; Hermes executes product logic.,PACKAGE-PROVEN,P,Prior XAPK/docs evidence register; see Final Source Register,Client runtime,Mobile runtime,Adopt commodity/open mechanism; VibeFlow stores only product-level metadata/policy for Mobile runtime.,ADOPT,ADOPT,Expo + React Native + Hermes,MIT,P1,Device/native integration tests + permission/security review,Commodity platform.
R2V-025,02 Mobile native client and device integration,File download/share,Bridge-triggered file/URL downloads and support asset sharing.,PACKAGE-PROVEN,P,Prior XAPK/docs evidence register; see Final Source Register,Mobile shell,Artifact download/share,"VibeFlow is authoritative for Artifact download/share state/policy; external IDs are references, never the source of VibeFlow truth.",OWN,OWN THIN,Platform share/download APIs,CUSTOM/OWNED,P1,Device/native integration tests + permission/security review,Needed for artifacts/logs; authorize every resource.
R2V-026,02 Mobile native client and device integration,iOS Live Activities with frequent updates,App config enables Live Activities/frequent updates for background status.,PACKAGE-PROVEN,P-CONFIG,APK: android/06_expo_app_config.json,Mobile shell,Live Execution Status,"External/provider implementation remains authoritative; VibeFlow owns binding, grants, policy, normalized state and evidence for Live Execution Status.",BRIDGE,BRIDGE,ActivityKit via Expo target/native module,MIT,P1,Device/native integration tests + permission/security review,Useful phone control-plane differentiator.
R2V-027,02 Mobile native client and device integration,New Architecture/Fabric-capable React Native bootstrap,MainApplication includes React Native/Expo new-architecture bootstrap path.,PACKAGE-PROVEN,P-DALVIK,APK: android/24_replit_custom_dalvik_disassembly.txt,Android application shell,RN Runtime Bootstrap,Adopt commodity/open mechanism; VibeFlow stores only product-level metadata/policy for RN Runtime Bootstrap.,ADOPT,ADOPT,Expo/React Native,MIT,P1,Device/native integration tests + permission/security review,Keep thin; product value is above runtime.
R2V-028,02 Mobile native client and device integration,OTA update channel,Versioned JS/assets delivery with runtime compatibility.,PACKAGE-PROVEN,P,Prior XAPK/docs evidence register; see Final Source Register,Mobile release system,Signed update channel,"VibeFlow is authoritative for Signed update channel state/policy; external IDs are references, never the source of VibeFlow truth.",OWN,ADOPT+OWN POLICY,expo-updates,MIT,P1,Device/native integration tests + permission/security review,Adopt mechanics; own release/security policy.
R2V-029,02 Mobile native client and device integration,Physical keyboard support,Custom Android module and provider for hardware keyboard behavior.,PACKAGE-PROVEN,P,Prior XAPK/docs evidence register; see Final Source Register,Native module,Keyboard capability adapter,"VibeFlow is authoritative for Keyboard capability adapter state/policy; external IDs are references, never the source of VibeFlow truth.",OWN,OWN THIN GLUE,Native module + RN APIs,CUSTOM/OWNED,P1,Device/native integration tests + permission/security review,Serious mobile IDE UX requires hardware keyboard handling.
R2V-030,02 Mobile native client and device integration,Physical-keyboard connection event,Native module emits physicalKeyboardConnectionDidChange with isConnected state.,PACKAGE-PROVEN,P-DALVIK,APK: android/21_replit_custom_dalvik_disassembly.json,PhysicalKeyboard native module,Hardware Keyboard State,"VibeFlow is authoritative for Hardware Keyboard State state/policy; external IDs are references, never the source of VibeFlow truth.",OWN,OWN THIN,Expo native module,MIT,P1,Device/native integration tests + permission/security review,Directly validated mobile IDE requirement.
R2V-031,02 Mobile native client and device integration,Remote-notification background mode,App config enables background remote notification handling.,PACKAGE-PROVEN,P-CONFIG,APK: android/06_expo_app_config.json,Mobile shell,Background Notification Worker,"VibeFlow is authoritative for Background Notification Worker state/policy; external IDs are references, never the source of VibeFlow truth.",OWN,OWN+ADOPT,Expo Notifications/APNs/FCM,MIT,P1,Device/native integration tests + permission/security review,Needed for remote execution status without live socket.
R2V-032,02 Mobile native client and device integration,Rooted-device detection,Client-side device risk signal.,PACKAGE-PROVEN,P,Prior XAPK/docs evidence register; see Final Source Register,Mobile telemetry/security,Device posture signal,Not a greenfield core authority; no foundational dependency on this capability.,DEFER,DEFER,Platform checks,CUSTOM/OWNED,P1,Device/native integration tests + permission/security review,Signal only; never sole authorization decision.
R2V-033,02 Mobile native client and device integration,Rounded screen corner detection,Uses Display/RoundedCorner APIs to adapt layout around device corners.,PACKAGE-PROVEN,P-DALVIK,APK: android/21_replit_custom_dalvik_disassembly.json,AndroidDeviceInfo native module,Screen Geometry State,"VibeFlow is authoritative for Screen Geometry State state/policy; external IDs are references, never the source of VibeFlow truth.",OWN,OWN THIN,Android Display APIs,CUSTOM/OWNED,P1,Device/native integration tests + permission/security review,Avoid hidden/clipped workspace controls on modern phones.
R2V-034,02 Mobile native client and device integration,Secure local storage,Stores mobile session/device credentials.,PACKAGE-PROVEN,P,Prior XAPK/docs evidence register; see Final Source Register,Mobile security boundary,Secure device credential store,Adopt commodity/open mechanism; VibeFlow stores only product-level metadata/policy for Secure device credential store.,ADOPT,ADOPT,expo-secure-store / Keychain/Keystore,MIT,P1,Device/native integration tests + permission/security review,Never store raw provider keys in ordinary state.
R2V-035,02 Mobile native client and device integration,Software keyboard state,Keyboard height/visibility/progress propagated to workspace.,PACKAGE-PROVEN,P,Prior XAPK/docs evidence register; see Final Source Register,Native-web bridge,Keyboard state bridge event,"VibeFlow is authoritative for Keyboard state bridge event state/policy; external IDs are references, never the source of VibeFlow truth.",OWN,OWN,Versioned bridge message,CUSTOM/OWNED,P1,Device/native integration tests + permission/security review,Direct evidence of mobile-aware workspace integration.
R2V-036,02 Mobile native client and device integration,Store review prompt,Native review request triggered via bridge.,PACKAGE-PROVEN,P,Prior XAPK/docs evidence register; see Final Source Register,Growth/mobile shell,Review prompt,Not a greenfield core authority; no foundational dependency on this capability.,REJECT/OMIT,OMIT EARLY,Platform API,CUSTOM/OWNED,P1,Device/native integration tests + permission/security review,Non-core growth feature.
R2V-037,02 Mobile native client and device integration,Tappable-element bottom inset detection,Uses RootWindowInsets/decor view to measure tappable navigation inset.,PACKAGE-PROVEN,P-DALVIK,APK: android/21_replit_custom_dalvik_disassembly.json,AndroidDeviceInfo native module,Safe Interaction Insets,"VibeFlow is authoritative for Safe Interaction Insets state/policy; external IDs are references, never the source of VibeFlow truth.",OWN,OWN THIN,Android WindowInsets,CUSTOM/OWNED,P1,Device/native integration tests + permission/security review,Dense IDE controls require accurate touch-safe geometry.
R2V-038,02 Mobile native client and device integration,Tracking transparency / attribution permission,Mobile config includes tracking transparency and AppsFlyer integration.,PACKAGE-PROVEN,P-CONFIG,APK: android/06_expo_app_config.json,Growth/attribution,Privacy-safe Attribution Gate,Not a greenfield core authority; no foundational dependency on this capability.,REJECT/OMIT,OMIT EARLY,Platform ATT + optional attribution provider,CUSTOM/OWNED,P1,Device/native integration tests + permission/security review,Not core to development control-plane.
R2V-039,02 Mobile native client and device integration,Voice/audio capture,Prompt/context capture via microphone/audio.,PACKAGE-PROVEN,P,Prior XAPK/docs evidence register; see Final Source Register,Device capability,Voice context input,Adopt commodity/open mechanism; VibeFlow stores only product-level metadata/policy for Voice context input.,ADOPT,ADOPT,Expo Audio + speech provider,MIT,P1,Device/native integration tests + permission/security review,"Optional UX, provider-neutral speech backend."
R2V-040,03 Native-web workspace bridge,ACK semantics,ACK exists in bridge vocabulary.,PACKAGE-PROVEN,P,Prior XAPK/docs evidence register; see Final Source Register,Bridge,ACK/result contract,"VibeFlow is authoritative for ACK/result contract state/policy; external IDs are references, never the source of VibeFlow truth.",OWN,OWN,Typed request/result envelope,CUSTOM/OWNED,P1,Bridge schema/version/origin/idempotency conformance + device E2E,Promote to explicit reliability semantics.
R2V-041,03 Native-web workspace bridge,Bridge performance tracing,Bridge dispatch/latency is measured.,PACKAGE-PROVEN,P,Prior XAPK/docs evidence register; see Final Source Register,Telemetry,Bridge telemetry,"VibeFlow is authoritative for Bridge telemetry state/policy; external IDs are references, never the source of VibeFlow truth.",OWN,ADOPT+OWN TAGS,OpenTelemetry custom spans,Apache-2.0,P0,Bridge schema/version/origin/idempotency conformance + device E2E,Treat bridge as first-class reliability surface.
R2V-042,03 Native-web workspace bridge,Bridge schema validation,Direct evidence of typed payload schemas/validators.,PACKAGE-PROVEN,P,Prior XAPK/docs evidence register; see Final Source Register,Bridge,Strict envelope/schema validation,"VibeFlow is authoritative for Strict envelope/schema validation state/policy; external IDs are references, never the source of VibeFlow truth.",OWN,OWN,JSON Schema/Zod,CUSTOM/OWNED,P0,Bridge schema/version/origin/idempotency conformance + device E2E,Reject unknown version/type; no permissive object pass-through.
R2V-043,03 Native-web workspace bridge,Bridge telemetry correlation,Bridge performance/error tracing is represented in compiled client.,PACKAGE-PROVEN,P-HBC,Hermes: bridge cluster,Bridge telemetry,Bridge Trace Context,"VibeFlow is authoritative for Bridge Trace Context state/policy; external IDs are references, never the source of VibeFlow truth.",OWN,OWN,OpenTelemetry trace/span IDs,Apache-2.0,P0,Bridge schema/version/origin/idempotency conformance + device E2E,"Use one trace across native shell, gateway and workspace."
R2V-044,03 Native-web workspace bridge,Bridge WebView lifecycle/error handling,Hermes functions/literals cover WebView crashes/render errors and navigation state.,PACKAGE-PROVEN,P-HBC,Hermes: bridge cluster; security cluster,Mobile/workspace bridge,Web Surface Health State,"VibeFlow is authoritative for Web Surface Health State state/policy; external IDs are references, never the source of VibeFlow truth.",OWN,OWN,react-native-webview + telemetry,CUSTOM/OWNED,P0,Bridge schema/version/origin/idempotency conformance + device E2E,Web workspace must be recoverable independently of app shell.
R2V-045,03 Native-web workspace bridge,Bridge worklet keyboard dispatch,Hermes includes worklet-level keyboard bridge send path.,PACKAGE-PROVEN,P-HBC,Hermes: string_xrefs.tsv; official HDEC,Mobile/workspace bridge,Low-latency Device State Dispatch,"VibeFlow is authoritative for Low-latency Device State Dispatch state/policy; external IDs are references, never the source of VibeFlow truth.",OWN,OWN,RN worklets/native event transport,CUSTOM/OWNED,P0,Bridge schema/version/origin/idempotency conformance + device E2E,Shows certain mobile state must bypass slow UI paths.
R2V-046,03 Native-web workspace bridge,Editor state projection,"File path, text, selections, focus, revision ID and suggestion state cross the boundary.",PACKAGE-PROVEN,P,Prior XAPK/docs evidence register; see Final Source Register,Web editor,EditorState projection,"VibeFlow is authoritative for EditorState projection state/policy; external IDs are references, never the source of VibeFlow truth.",OWN,OWN,Schema + revision token,CUSTOM/OWNED,P0,Bridge schema/version/origin/idempotency conformance + device E2E,Revision ID must be authority-aware to prevent stale edits.
R2V-047,03 Native-web workspace bridge,Git refresh connection,Bridge can request GitHub connection refresh.,PACKAGE-PROVEN,P,Prior XAPK/docs evidence register; see Final Source Register,Connection/repo authority,ConnectionRefresh action,"VibeFlow is authoritative for ConnectionRefresh action state/policy; external IDs are references, never the source of VibeFlow truth.",OWN,OWN,Connection service,CUSTOM/OWNED,P1,Bridge schema/version/origin/idempotency conformance + device E2E,Keep repo auth outside workspace page state.
R2V-048,03 Native-web workspace bridge,Message direction,Explicit FROM_NATIVE / TO_NATIVE direction semantics.,PACKAGE-PROVEN,P,Prior XAPK/docs evidence register; see Final Source Register,Bridge,Direction-bound envelope,"VibeFlow is authoritative for Direction-bound envelope state/policy; external IDs are references, never the source of VibeFlow truth.",OWN,OWN,Typed enum,CUSTOM/OWNED,P1,Bridge schema/version/origin/idempotency conformance + device E2E,Prevents ambiguous handlers and aids validation.
R2V-049,03 Native-web workspace bridge,Message identity,Generated message ID appears in direct keyboard worklet evidence.,PACKAGE-PROVEN,P,Prior XAPK/docs evidence register; see Final Source Register,Bridge,message_id + correlation_id,"VibeFlow is authoritative for message_id + correlation_id state/policy; external IDs are references, never the source of VibeFlow truth.",OWN,OWN,UUID/ULID,CUSTOM/OWNED,P1,Bridge schema/version/origin/idempotency conformance + device E2E,"Use for ACK, idempotency, tracing and replay defense."
R2V-050,03 Native-web workspace bridge,Native bridge protocol version literal,Compiled Hermes paths reference explicit nativeBridgeProtocolVersion.,PACKAGE-PROVEN,P-HBC,Hermes: semantic/03_bridge_workspace_literals.json,Mobile/workspace bridge,Bridge Version Negotiation,"VibeFlow is authoritative for Bridge Version Negotiation state/policy; external IDs are references, never the source of VibeFlow truth.",OWN,OWN,Typed schema + semver/capability negotiation,CUSTOM/OWNED,P0,Bridge schema/version/origin/idempotency conformance + device E2E,Independent native/web release cadence requires negotiated compatibility.
R2V-051,03 Native-web workspace bridge,Native dimensions/safe-area state,Workspace requests device dimensions/insets.,PACKAGE-PROVEN,P,Prior XAPK/docs evidence register; see Final Source Register,Device/UI authority,DeviceLayoutState,"VibeFlow is authoritative for DeviceLayoutState state/policy; external IDs are references, never the source of VibeFlow truth.",OWN,OWN THIN,Schema + platform APIs,CUSTOM/OWNED,P1,Bridge schema/version/origin/idempotency conformance + device E2E,Necessary for responsive mobile workspace.
R2V-052,03 Native-web workspace bridge,Native review request over bridge,Workspace can request platform review prompt through native shell.,PACKAGE-PROVEN,P-HBC,Hermes: semantic/03_bridge_workspace_literals.json,Bridge/mobile shell,Privileged Native Action Request,Not a greenfield core authority; no foundational dependency on this capability.,REJECT/OMIT,OMIT EARLY,Typed bridge + platform API,CUSTOM/OWNED,P0,Bridge schema/version/origin/idempotency conformance + device E2E,Illustrates privileged action pattern even though review itself is non-core.
R2V-053,03 Native-web workspace bridge,OAuth relay,Bridge has OAuth relay ready/result/dismissed flows.,PACKAGE-PROVEN,P,Prior XAPK/docs evidence register; see Final Source Register,Connection authority,OAuth Broker UI handoff,"VibeFlow is authoritative for OAuth Broker UI handoff state/policy; external IDs are references, never the source of VibeFlow truth.",OWN,OWN,OAuth/OIDC broker,CUSTOM/OWNED,P0,Bridge schema/version/origin/idempotency conformance + device E2E,Raw tokens must not transit generic bridge payloads.
R2V-054,03 Native-web workspace bridge,Origin/auth binding,Not provable from retail client.,UNKNOWN/PRIVATE,U,Prior XAPK/docs evidence register; see Final Source Register,Private implementation,Origin + account/project/workspace binding,"VibeFlow is authoritative for Origin + account/project/workspace binding state/policy; external IDs are references, never the source of VibeFlow truth.",OWN,OWN STRONGER,WebView allowlist + signed session capability,CUSTOM/OWNED,P0,Bridge schema/version/origin/idempotency conformance + device E2E,VibeFlow should explicitly guarantee this even if Replit internals are unknown.
R2V-055,03 Native-web workspace bridge,Payment/upsell bridge,Workspace can open payment/upsell flows.,PACKAGE-PROVEN,P,Prior XAPK/docs evidence register; see Final Source Register,Commercial authority,EntitlementUpsellRequest,"VibeFlow is authoritative for EntitlementUpsellRequest state/policy; external IDs are references, never the source of VibeFlow truth.",OWN,OWN,Business system route,CUSTOM/OWNED,P0,Bridge schema/version/origin/idempotency conformance + device E2E,Workspace must request; control plane decides entitlement.
R2V-056,03 Native-web workspace bridge,Permission request/result,Web workspace requests mobile/native permissions.,PACKAGE-PROVEN,P,Prior XAPK/docs evidence register; see Final Source Register,Device capability authority,Permission Broker,"VibeFlow is authoritative for Permission Broker state/policy; external IDs are references, never the source of VibeFlow truth.",OWN,OWN,Capability policy + platform permissions,CUSTOM/OWNED,P1,Bridge schema/version/origin/idempotency conformance + device E2E,Web cannot directly self-authorize native permissions.
R2V-057,03 Native-web workspace bridge,Replay resistance/idempotency,Not established by static evidence.,UNKNOWN/PRIVATE,U,Prior XAPK/docs evidence register; see Final Source Register,Private implementation,Nonce/sequence/idempotency policy,"VibeFlow is authoritative for Nonce/sequence/idempotency policy state/policy; external IDs are references, never the source of VibeFlow truth.",OWN,OWN STRONGER,Remote/bridge session state,CUSTOM/OWNED,P1,Bridge schema/version/origin/idempotency conformance + device E2E,Critical when bridge can invoke shell/editor/payment/permissions.
R2V-058,03 Native-web workspace bridge,Shell commands/input/paste,Native can interact with shell surface via bridge.,PACKAGE-PROVEN,P,Prior XAPK/docs evidence register; see Final Source Register,Workspace process authority,TerminalCommand,"VibeFlow is authoritative for TerminalCommand state/policy; external IDs are references, never the source of VibeFlow truth.",OWN,OWN+POLICY,PTY capability adapter,CUSTOM/OWNED,P1,Bridge schema/version/origin/idempotency conformance + device E2E,High-risk capability: scoped grants and approval policy.
R2V-059,03 Native-web workspace bridge,Text editor actions,Insert/paste/replace/set selection/action requests.,PACKAGE-PROVEN,P,Prior XAPK/docs evidence register; see Final Source Register,Web editor,EditorAction command,"VibeFlow is authoritative for EditorAction command state/policy; external IDs are references, never the source of VibeFlow truth.",OWN,OWN,Typed command schema,CUSTOM/OWNED,P1,Bridge schema/version/origin/idempotency conformance + device E2E,Authorize path/revision and require capability negotiation.
R2V-060,03 Native-web workspace bridge,Versioned bridge protocol,Messages carry explicit protocol version.,PACKAGE-PROVEN,P,Prior XAPK/docs evidence register; see Final Source Register,Mobile/workspace boundary,VibeFlow Workspace Bridge Protocol,"VibeFlow is authoritative for VibeFlow Workspace Bridge Protocol state/policy; external IDs are references, never the source of VibeFlow truth.",OWN,OWN,JSON Schema/Zod/Protobuf envelope,CUSTOM/OWNED,P0,Bridge schema/version/origin/idempotency conformance + device E2E,Required for independent mobile/web release cadence.
R2V-061,03 Native-web workspace bridge,Workspace actions/open pane,Native requests workspace actions and pane opening.,PACKAGE-PROVEN,P,Prior XAPK/docs evidence register; see Final Source Register,Web IDE,WorkspaceAction command,"VibeFlow is authoritative for WorkspaceAction command state/policy; external IDs are references, never the source of VibeFlow truth.",OWN,OWN,Capability-driven command registry,CUSTOM/OWNED,P0,Bridge schema/version/origin/idempotency conformance + device E2E,Avoid provider-specific UI assumptions.
R2V-062,03 Native-web workspace bridge,Workspace open-pane request family,Compiled bridge vocabulary includes requests to open workspace panes/actions.,PACKAGE-PROVEN,P-HBC,Hermes: semantic/03_bridge_workspace_literals.json,Workspace bridge,Capability Invocation Envelope,"VibeFlow is authoritative for Capability Invocation Envelope state/policy; external IDs are references, never the source of VibeFlow truth.",OWN,OWN,Typed bridge command registry,CUSTOM/OWNED,P0,Bridge schema/version/origin/idempotency conformance + device E2E,Commands must be capability-scoped to bound workspace.
R2V-063,03 Native-web workspace bridge,Workspace state request/response,Native requests and receives workspace state.,PACKAGE-PROVEN,P,Prior XAPK/docs evidence register; see Final Source Register,Web workspace,WorkspaceState projection,"VibeFlow is authoritative for WorkspaceState projection state/policy; external IDs are references, never the source of VibeFlow truth.",OWN,OWN,Versioned schema,CUSTOM/OWNED,P0,Bridge schema/version/origin/idempotency conformance + device E2E,"Native app should consume a normalized projection, not DOM details."
R2V-064,"04 Identity, organizations, tenancy and authorization",Account deletion/data lifecycle,Mobile client exposes delete-account flows.,PACKAGE-PROVEN,P,Prior XAPK/docs evidence register; see Final Source Register,Identity/data lifecycle,Deletion Orchestrator,"VibeFlow is authoritative for Deletion Orchestrator state/policy; external IDs are references, never the source of VibeFlow truth.",OWN,OWN,Workflow engine,CUSTOM/OWNED,P1,AuthN/AuthZ tenant-isolation tests + audit evidence,Must coordinate VibeFlow data and disconnected provider grants.
R2V-065,"04 Identity, organizations, tenancy and authorization",App-level authentication separate from builder auth,Replit supports authentication inside apps independently of the builder account.,DOCUMENTED,D,Replit Docs: App authentication,Application platform,App Auth Provider Binding,"External/provider implementation remains authoritative; VibeFlow owns binding, grants, policy, normalized state and evidence for App Auth Provider Binding.",BRIDGE,BRIDGE,Clerk/Replit Auth/OIDC adapters,VERIFY PER DEPENDENCY,P0,AuthN/AuthZ tenant-isolation tests + audit evidence,Never conflate builder identity with app end-user identity.
R2V-066,"04 Identity, organizations, tenancy and authorization",Application SSO/OAuth provider configuration,Published apps can be wired to supported auth providers/SSO.,DOCUMENTED,D,Replit Docs: App authentication,Application auth service,App Identity Adapter,"External/provider implementation remains authoritative; VibeFlow owns binding, grants, policy, normalized state and evidence for App Identity Adapter.",BRIDGE,BRIDGE,OIDC/SAML provider adapters,VERIFY PER DEPENDENCY,P0,AuthN/AuthZ tenant-isolation tests + audit evidence,"Belongs to app/deployment capability, not VibeFlow account auth."
R2V-067,"04 Identity, organizations, tenancy and authorization",Audit logs,"Enterprise audit log system, currently WorkOS-backed.",DOCUMENTED,D,Prior XAPK/docs evidence register; see Final Source Register,Enterprise audit,Audit Event Ledger,"VibeFlow is authoritative for Audit Event Ledger state/policy; external IDs are references, never the source of VibeFlow truth.",OWN,ADOPT+OWN EVENT MODEL,OpenTelemetry/audit DB; WorkOS optional,Apache-2.0,P1,AuthN/AuthZ tenant-isolation tests + audit evidence,Own event schema; outsource portal/streaming if useful.
R2V-068,"04 Identity, organizations, tenancy and authorization",Builder account session refresh,Compiled client contains refresh/session/auth-cookie logic around Apollo.,PACKAGE-PROVEN,P-HBC,Hermes: auth cluster,Account/auth service,VibeFlow Session,"VibeFlow is authoritative for VibeFlow Session state/policy; external IDs are references, never the source of VibeFlow truth.",OWN,OWN+ADOPT,Better Auth/OIDC + custom account authority,MIT,P1,AuthN/AuthZ tenant-isolation tests + audit evidence,"Commodity auth mechanics, VibeFlow-owned account/resource semantics."
R2V-069,"04 Identity, organizations, tenancy and authorization",Email/password account auth,Onboarding/auth flows and password recovery.,PACKAGE-PROVEN,P,Prior XAPK/docs evidence register; see Final Source Register,Replit identity,VibeFlow Account Identity,"VibeFlow is authoritative for VibeFlow Account Identity state/policy; external IDs are references, never the source of VibeFlow truth.",OWN,ADOPT+OWN BOUNDARY,Better Auth / OIDC,MIT,P0,AuthN/AuthZ tenant-isolation tests + audit evidence,Reuse mechanics; VibeFlow owns account identity semantics.
R2V-070,"04 Identity, organizations, tenancy and authorization",Google/Apple/GitHub native SSO,Native SSO modules and hooks.,PACKAGE-PROVEN,P,Prior XAPK/docs evidence register; see Final Source Register,Replit identity,Federated Login,Adopt commodity/open mechanism; VibeFlow stores only product-level metadata/policy for Federated Login.,ADOPT,ADOPT,OIDC/OAuth providers,VERIFY PER DEPENDENCY,P1,AuthN/AuthZ tenant-isolation tests + audit evidence,Provider integrations remain external.
R2V-071,"04 Identity, organizations, tenancy and authorization",MFA / verification,Auth and verification client flows.,PACKAGE-PROVEN,P,Prior XAPK/docs evidence register; see Final Source Register,Identity,MFA / verification,Adopt commodity/open mechanism; VibeFlow stores only product-level metadata/policy for MFA / verification.,ADOPT,ADOPT,WebAuthn/TOTP/email verification libraries,VERIFY PER DEPENDENCY,P0,AuthN/AuthZ tenant-isolation tests + audit evidence,Commodity security.
R2V-072,"04 Identity, organizations, tenancy and authorization",Native OAuth callback routing,App links/intent filters route provider callbacks into native shell.,PACKAGE-PROVEN,P-CONFIG,APK: android/06_expo_app_config.json,Mobile auth boundary,OAuth Callback Broker,"VibeFlow is authoritative for OAuth Callback Broker state/policy; external IDs are references, never the source of VibeFlow truth.",OWN,OWN,App Links/Universal Links + PKCE,CUSTOM/OWNED,P0,AuthN/AuthZ tenant-isolation tests + audit evidence,Bind callback to nonce/account/provider connection.
R2V-073,"04 Identity, organizations, tenancy and authorization",Project ownership,Owner selection/provider appears in mobile client.,PACKAGE-PROVEN,P,Prior XAPK/docs evidence register; see Final Source Register,Project authority,Project ownership,"VibeFlow is authoritative for Project ownership state/policy; external IDs are references, never the source of VibeFlow truth.",OWN,OWN,Canonical resource graph,CUSTOM/OWNED,P0,AuthN/AuthZ tenant-isolation tests + audit evidence,Ownership must be explicit and transferable.
R2V-074,"04 Identity, organizations, tenancy and authorization",Resource visibility/private access,Publishing/project visibility controls.,DOCUMENTED,D,Prior XAPK/docs evidence register; see Final Source Register,Policy plane,Resource policy,"VibeFlow is authoritative for Resource policy state/policy; external IDs are references, never the source of VibeFlow truth.",OWN,OWN,OpenFGA + gateway,Apache-2.0,P1,AuthN/AuthZ tenant-isolation tests + audit evidence,"Uniform policy across projects, artifacts, deployments and connections."
R2V-075,"04 Identity, organizations, tenancy and authorization",Roles/groups,Role/group access and enterprise controls.,DOCUMENTED,D,Prior XAPK/docs evidence register; see Final Source Register,Tenant policy,Role/Group binding,"VibeFlow is authoritative for Role/Group binding state/policy; external IDs are references, never the source of VibeFlow truth.",OWN,OWN+ADOPT,OpenFGA,Apache-2.0,P1,AuthN/AuthZ tenant-isolation tests + audit evidence,"Model resource-specific authorization, not UI roles only."
R2V-076,"04 Identity, organizations, tenancy and authorization",SAML SSO,Native SAML source path and enterprise docs.,CORROBORATED,P+D,Prior XAPK/docs evidence register; see Final Source Register,Enterprise identity,Enterprise SSO,Authority assigned explicitly at implementation time; provider state is never silently promoted to VibeFlow truth.,BRIDGE,OUTSOURCE EARLY,WorkOS / Auth0 / Zitadel,VERIFY PER DEPENDENCY,P1,AuthN/AuthZ tenant-isolation tests + audit evidence,Avoid building enterprise federation plumbing initially.
R2V-077,"04 Identity, organizations, tenancy and authorization",SCIM lifecycle provisioning,Enterprise identity lifecycle can be provisioned centrally.,DOCUMENTED,D,Replit Docs index: SAML/SCIM,Enterprise identity control plane,Enterprise Provisioning,Not a greenfield core authority; no foundational dependency on this capability.,DEFER,DEFER,SCIM 2.0,CUSTOM/OWNED,P1,AuthN/AuthZ tenant-isolation tests + audit evidence,Enterprise requirement after core product.
R2V-078,"04 Identity, organizations, tenancy and authorization",Viewer-seat / restricted enterprise role,Enterprise supports limited-access seat/role concepts distinct from builders.,DOCUMENTED,D,Replit Docs index: viewer seats,Enterprise org authority,Org Role/Seat Policy,Not a greenfield core authority; no foundational dependency on this capability.,DEFER,DEFER,Custom RBAC + OpenFGA,Apache-2.0,P1,AuthN/AuthZ tenant-isolation tests + audit evidence,Model role separately from billing seat.
R2V-079,"04 Identity, organizations, tenancy and authorization",Workspace/organization membership,Teams/workspaces organize members and resources.,DOCUMENTED,D,Prior XAPK/docs evidence register; see Final Source Register,Tenant authority,Organization + Membership,"VibeFlow is authoritative for Organization + Membership state/policy; external IDs are references, never the source of VibeFlow truth.",OWN,OWN,PostgreSQL + OpenFGA,PostgreSQL License; Apache-2.0,P0,AuthN/AuthZ tenant-isolation tests + audit evidence,Canonical tenant model.
R2V-080,"05 Projects, artifacts, imports and lifecycle",Artifact Library/sidebar,Surfaces generated/downloaded media and reusable project assets.,DOCUMENTED,D,Replit Docs: April 3 2026 changelog,Artifact library,Artifact Registry,"VibeFlow is authoritative for Artifact Registry state/policy; external IDs are references, never the source of VibeFlow truth.",OWN,OWN,Object metadata + blob adapter,CUSTOM/OWNED,P1,Resource ownership + import integrity + lifecycle tests,Separate artifact metadata authority from underlying storage provider.
R2V-081,"05 Projects, artifacts, imports and lifecycle",Artifact lifecycle,"Artifact can be previewed, published, exported or linked.",DOCUMENTED,D,Prior XAPK/docs evidence register; see Final Source Register,Artifact authority,ArtifactVersion,"VibeFlow is authoritative for ArtifactVersion state/policy; external IDs are references, never the source of VibeFlow truth.",OWN,OWN,Content-addressed metadata,CUSTOM/OWNED,P1,Resource ownership + import integrity + lifecycle tests,Artifact identity belongs in evidence/deployment chain.
R2V-082,"05 Projects, artifacts, imports and lifecycle",Artifact relationships,Canvas displays and converts/applies artifacts/designs.,DOCUMENTED,D,Prior XAPK/docs evidence register; see Final Source Register,Design/project system,ArtifactGraph,Not a greenfield core authority; no foundational dependency on this capability.,DEFER,DEFER,Graph metadata,CUSTOM/OWNED,P1,Resource ownership + import integrity + lifecycle tests,Useful after core coding/deployment flow.
R2V-083,"05 Projects, artifacts, imports and lifecycle",Direct file upload import,Brings source/assets into project without external repository.,DOCUMENTED,D,Replit Docs: Project Editor,Project import service,Project Archive Import,"VibeFlow is authoritative for Project Archive Import state/policy; external IDs are references, never the source of VibeFlow truth.",OWN,OWN,ZIP/tar upload + scanner,CUSTOM/OWNED,P1,Resource ownership + import integrity + lifecycle tests,Scan archive before creating workspace.
R2V-084,"05 Projects, artifacts, imports and lifecycle",Empty project,Current Replit supports empty project without Agent start.,DOCUMENTED,D,Prior XAPK/docs evidence register; see Final Source Register,Project service,Unbound/empty Project,"VibeFlow is authoritative for Unbound/empty Project state/policy; external IDs are references, never the source of VibeFlow truth.",OWN,OWN,Canonical resource,CUSTOM/OWNED,P0,Resource ownership + import integrity + lifecycle tests,VibeFlow must not require Agent invocation to create a project.
R2V-085,"05 Projects, artifacts, imports and lifecycle",Folders/project organization,Move-to-folder mobile flows.,PACKAGE-PROVEN,P,Prior XAPK/docs evidence register; see Final Source Register,Project metadata,Project Collection/Labels,"VibeFlow is authoritative for Project Collection/Labels state/policy; external IDs are references, never the source of VibeFlow truth.",OWN,OWN,PostgreSQL,PostgreSQL License,P0,Resource ownership + import integrity + lifecycle tests,Metadata only.
R2V-086,"05 Projects, artifacts, imports and lifecycle",Fork/remix/template,Clone/remix project semantics.,PACKAGE-PROVEN,P,Prior XAPK/docs evidence register; see Final Source Register,Project/workspace,Project Clone Plan,"VibeFlow is authoritative for Project Clone Plan state/policy; external IDs are references, never the source of VibeFlow truth.",OWN,OWN ORCHESTRATION,Provider snapshot + Git fork,CUSTOM/OWNED,P1,Resource ownership + import integrity + lifecycle tests,Cross-resource cloning needs explicit semantics.
R2V-087,"05 Projects, artifacts, imports and lifecycle",Import from Bitbucket,Imports provider-hosted source into a Replit project.,DOCUMENTED,D,Replit Docs: Import from a provider,Project import service,Repository Import Adapter,"External/provider implementation remains authoritative; VibeFlow owns binding, grants, policy, normalized state and evidence for Repository Import Adapter.",BRIDGE,BRIDGE,Bitbucket API/Git,VERIFY PER DEPENDENCY,P1,Resource ownership + import integrity + lifecycle tests,Provider-neutral repository import.
R2V-088,"05 Projects, artifacts, imports and lifecycle",Import from Bolt/Lovable/Base44,Migrates exported GitHub-backed projects from other app builders.,DOCUMENTED,D,Replit Docs: Import from a provider,Project import service,Builder Migration Adapter,Not a greenfield core authority; no foundational dependency on this capability.,DEFER,DEFER,Git import + source normalization,CUSTOM/OWNED,P1,Resource ownership + import integrity + lifecycle tests,"Useful acquisition/migration feature, not architectural core."
R2V-089,"05 Projects, artifacts, imports and lifecycle",Import from Figma,Converts a selected Figma frame into a React application.,DOCUMENTED,D,Replit Docs: Import from a provider; Canvas,Design import service,Design Import Adapter,Not a greenfield core authority; no foundational dependency on this capability.,DEFER,DEFER,Figma API/MCP + codegen agent,MIT,P1,Resource ownership + import integrity + lifecycle tests,High-value later visual workflow.
R2V-090,"05 Projects, artifacts, imports and lifecycle",Import from Vercel project source,Uses GitHub repository behind Vercel project as import source.,DOCUMENTED,D,Replit Docs: Import from a provider,Project import service,Deployment-to-Repo Import Helper,"External/provider implementation remains authoritative; VibeFlow owns binding, grants, policy, normalized state and evidence for Deployment-to-Repo Import Helper.",BRIDGE,BRIDGE,Vercel/GitHub APIs,VERIFY PER DEPENDENCY,P0,Resource ownership + import integrity + lifecycle tests,"Convenience adapter, not core authority."
R2V-091,"05 Projects, artifacts, imports and lifecycle",Import GitHub repository,Mobile import flow and docs.,CORROBORATED,P+D,Prior XAPK/docs evidence register; see Final Source Register,Project/repo bridge,RepositoryBinding import,"External/provider implementation remains authoritative; VibeFlow owns binding, grants, policy, normalized state and evidence for RepositoryBinding import.",BRIDGE,BRIDGE,GitHub API + Git,VERIFY PER DEPENDENCY,P1,Resource ownership + import integrity + lifecycle tests,Repo stays external authority.
R2V-092,"05 Projects, artifacts, imports and lifecycle",Multiple artifact types,Current Project Editor supports web/mobile/slides/design/etc.,DOCUMENTED,D,Prior XAPK/docs evidence register; see Final Source Register,Project/artifact system,Artifact,"VibeFlow is authoritative for Artifact state/policy; external IDs are references, never the source of VibeFlow truth.",OWN,OWN,Typed artifact registry,CUSTOM/OWNED,P1,Resource ownership + import integrity + lifecycle tests,Project can coordinate multiple outputs; do not equate project with one web app.
R2V-093,"05 Projects, artifacts, imports and lifecycle",Project capability manifest,Replit knows project type/stack/tooling.,INFERRED/ARCHITECTURAL,D+I,Prior XAPK/docs evidence register; see Final Source Register,Project/workspace,ProjectCapabilityProfile,"VibeFlow is authoritative for ProjectCapabilityProfile state/policy; external IDs are references, never the source of VibeFlow truth.",OWN,OWN,Normalized capability registry,CUSTOM/OWNED,P0,Resource ownership + import integrity + lifecycle tests,Central to BYOA/BYOW UX.
R2V-094,"05 Projects, artifacts, imports and lifecycle",Project creation,"Create from prompt, template, import or empty project.",CORROBORATED,P+D,Prior XAPK/docs evidence register; see Final Source Register,Project service,Project,"VibeFlow is authoritative for Project state/policy; external IDs are references, never the source of VibeFlow truth.",OWN,OWN,PostgreSQL,PostgreSQL License,P0,Resource ownership + import integrity + lifecycle tests,"Project is VibeFlow coordination root, not necessarily file owner."
R2V-095,"05 Projects, artifacts, imports and lifecycle",Project metadata/cover,"Title, description, cover, sharing settings.",PACKAGE-PROVEN,P,Prior XAPK/docs evidence register; see Final Source Register,Project metadata,Project Profile,"VibeFlow is authoritative for Project Profile state/policy; external IDs are references, never the source of VibeFlow truth.",OWN,OWN,PostgreSQL + object storage,PostgreSQL License,P0,Resource ownership + import integrity + lifecycle tests,Stable product identity independent of workspace provider.
R2V-096,"05 Projects, artifacts, imports and lifecycle",Website/mobile/slides/animation/data artifact choice,Create surface supports several artifact types rather than only code projects.,DOCUMENTED,D,Replit Docs: Build Welcome,Project/artifact system,Typed Artifact Graph,"VibeFlow is authoritative for Typed Artifact Graph state/policy; external IDs are references, never the source of VibeFlow truth.",OWN,OWN,Artifact type registry,CUSTOM/OWNED,P1,Resource ownership + import integrity + lifecycle tests,Project is container; artifacts are typed outputs.
R2V-097,"06 Agent, task and AI execution",A2A delegation,No direct Replit-internal A2A evidence.,UNKNOWN/PRIVATE,U,Prior XAPK/docs evidence register; see Final Source Register,Unknown/private,Agent delegation,Adopt commodity/open mechanism; VibeFlow stores only product-level metadata/policy for Agent delegation.,ADOPT,ADOPT IF NEEDED,A2A,Apache-2.0,P1,Task/execution durability + agent capability + independent completion verification,Use open standard rather than inventing generic delegation protocol.
R2V-098,"06 Agent, task and AI execution",AG-UI compatibility,No direct Replit AG-UI evidence.,UNKNOWN/PRIVATE,U,Prior XAPK/docs evidence register; see Final Source Register,Unknown/private,Generic agent UI event adapter,Authority assigned explicitly at implementation time; provider state is never silently promoted to VibeFlow truth.,OWN/DECIDE,OPTIONAL,AG-UI,MIT,P1,Task/execution durability + agent capability + independent completion verification,Compatibility layer only; not core state/recovery protocol.
R2V-099,"06 Agent, task and AI execution",Agent chat/intention input,Natural-language control surface.,DOCUMENTED,D,Prior XAPK/docs evidence register; see Final Source Register,Agent service,Agent Session,"External/provider implementation remains authoritative; VibeFlow owns binding, grants, policy, normalized state and evidence for Agent Session.",BRIDGE,BRIDGE,ACP-compatible client,Apache-2.0,P1,Task/execution durability + agent capability + independent completion verification,"VibeFlow is client/control plane, not necessarily model host."
R2V-100,"06 Agent, task and AI execution",Agent memory/context,Checkpointed Agent memory/conversation context.,DOCUMENTED,D,Prior XAPK/docs evidence register; see Final Source Register,Agent state,AgentContextRef,"VibeFlow is authoritative for AgentContextRef state/policy; external IDs are references, never the source of VibeFlow truth.",OWN,OWN GOVERNANCE,Provider refs + VibeFlow metadata,CUSTOM/OWNED,P1,Task/execution durability + agent capability + independent completion verification,Do not assume provider memory is portable; define retention/authority.
R2V-101,"06 Agent, task and AI execution",Agent message queue,Queues follow-up instructions while work is in progress.,DOCUMENTED,D,Replit Docs index: message queue,Agent/task service,Durable Task Input Queue,"VibeFlow is authoritative for Durable Task Input Queue state/policy; external IDs are references, never the source of VibeFlow truth.",OWN,OWN,PostgreSQL event/task queue,PostgreSQL License,P1,Task/execution durability + agent capability + independent completion verification,Mobile disconnect must not drop queued intent.
R2V-102,"06 Agent, task and AI execution",Agent production diagnostics,Current Replit gives read-only production SQL/log access in constrained forms.,DOCUMENTED,D,Prior XAPK/docs evidence register; see Final Source Register,Agent + production data,DiagnosticGrant,"VibeFlow is authoritative for DiagnosticGrant state/policy; external IDs are references, never the source of VibeFlow truth.",OWN,OWN STRONGER,Time-bound scoped grant,CUSTOM/OWNED,P1,Task/execution durability + agent capability + independent completion verification,Read-only production observation can be approved without mutation rights.
R2V-103,"06 Agent, task and AI execution",Agent self-testing,Agent reviews/tests work.,DOCUMENTED,D,Prior XAPK/docs evidence register; see Final Source Register,Agent,AgentEvidence,Authority assigned explicitly at implementation time; provider state is never silently promoted to VibeFlow truth.,OWN/DECIDE,ACCEPT AS EVIDENCE,Test tool adapters,VERIFY PER DEPENDENCY,P1,Task/execution durability + agent capability + independent completion verification,"Agent test claims are inputs, not authoritative completion."
R2V-104,"06 Agent, task and AI execution",Agent skills/customization,Current Replit supports skills/search/customization.,DOCUMENTED,D,Prior XAPK/docs evidence register; see Final Source Register,Agent configuration,Project/Org Skills,"VibeFlow is authoritative for Project/Org Skills state/policy; external IDs are references, never the source of VibeFlow truth.",OWN,ADOPT+OWN REGISTRY,AGENTS.md + skill manifests,CUSTOM/OWNED,P1,Task/execution durability + agent capability + independent completion verification,"Repository-governed, deterministic agent context."
R2V-105,"06 Agent, task and AI execution",Agent status subscription,Mobile client directly subscribes to current-user Agent statuses.,PACKAGE-PROVEN,P,Prior XAPK/docs evidence register; see Final Source Register,Control plane,Execution status event stream,"VibeFlow is authoritative for Execution status event stream state/policy; external IDs are references, never the source of VibeFlow truth.",OWN,OWN,Remote gateway + durable event log,CUSTOM/OWNED,P1,Task/execution durability + agent capability + independent completion verification,Mobile reconnects to authoritative server state.
R2V-106,"06 Agent, task and AI execution",Agent testing/code-review settings,Advanced Agent controls include testing/review behavior.,DOCUMENTED,D,Replit Docs: Agent Modes,Agent execution policy,Verification Policy Preferences,"VibeFlow is authoritative for Verification Policy Preferences state/policy; external IDs are references, never the source of VibeFlow truth.",OWN,OWN,Policy engine,CUSTOM/OWNED,P1,Task/execution durability + agent capability + independent completion verification,Verification must remain independently authoritative even if Agent self-tests.
R2V-107,"06 Agent, task and AI execution",Agent tools,Agent invokes tools/services.,CORROBORATED,P+D,Prior XAPK/docs evidence register; see Final Source Register,Agent/tool plane,Tool capability,Adopt commodity/open mechanism; VibeFlow stores only product-level metadata/policy for Tool capability.,ADOPT,ADOPT+POLICY,MCP + native agent tools,MIT,P1,Task/execution durability + agent capability + independent completion verification,Tool use is subject to VibeFlow grants/approvals.
R2V-108,"06 Agent, task and AI execution",Agent-created autonomous applications,"Platform documents building agents with tools, skills, permissions and sub-agents.",DOCUMENTED,D,Replit Docs: Build an agent,Application runtime/agent SDK,Agent Application Artifact,"External/provider implementation remains authoritative; VibeFlow owns binding, grants, policy, normalized state and evidence for Agent Application Artifact.",BRIDGE,BRIDGE,A2A/MCP/agent SDK adapters,Apache-2.0; MIT,P1,Task/execution durability + agent capability + independent completion verification,Distinguish the coding agent operating VibeFlow from agents built as user artifacts.
R2V-109,"06 Agent, task and AI execution",Audio generation tool,Agent can generate audio as an artifact.,DOCUMENTED,D,Replit Docs index: audio generation,Agent tool/provider,Audio Generation Provider Binding,Not a greenfield core authority; no foundational dependency on this capability.,DEFER,DEFER,Audio generation provider adapter,CUSTOM/OWNED,P3,Task/execution durability + agent capability + independent completion verification,Same typed artifact pattern as images.
R2V-110,"06 Agent, task and AI execution",Background Agent execution,Work continues remotely.,CORROBORATED,P+D,Prior XAPK/docs evidence register; see Final Source Register,Agent/workspace,Execution,"VibeFlow is authoritative for Execution state/policy; external IDs are references, never the source of VibeFlow truth.",OWN,OWN ORCHESTRATION,Temporal,MIT,P0,Task/execution durability + agent capability + independent completion verification,Core mobile-first requirement.
R2V-111,"06 Agent, task and AI execution",Build Mode,"Agent writes files, installs deps, configures resources and fixes issues.",DOCUMENTED,D,Prior XAPK/docs evidence register; see Final Source Register,Agent + workspace,EXECUTE mode,"VibeFlow is authoritative for EXECUTE mode state/policy; external IDs are references, never the source of VibeFlow truth.",OWN,OWN SEMANTICS,ACP/provider adapter,Apache-2.0,P1,Task/execution durability + agent capability + independent completion verification,Requires explicit write/tool capabilities.
R2V-112,"06 Agent, task and AI execution",Follow-up tasks,User can convert discovered/remaining work into subsequent tasks.,DOCUMENTED,D,Replit Docs index: follow-up tasks,Task service,Task Dependency Graph,"VibeFlow is authoritative for Task Dependency Graph state/policy; external IDs are references, never the source of VibeFlow truth.",OWN,OWN,Durable task graph,CUSTOM/OWNED,P0,Task/execution durability + agent capability + independent completion verification,Preserve provenance from finding to follow-up execution.
R2V-113,"06 Agent, task and AI execution",General Agent across arbitrary supported codebases,Agent is not limited to narrow templates and can operate across custom projects.,DOCUMENTED,D,Replit Docs: Sep 5 2025 changelog,Agent platform,General Coding Agent Binding,"External/provider implementation remains authoritative; VibeFlow owns binding, grants, policy, normalized state and evidence for General Coding Agent Binding.",BRIDGE,BRIDGE,ACP-compatible coding agents,Apache-2.0,P1,Task/execution durability + agent capability + independent completion verification,BYOA must support capability discovery instead of template lock-in.
R2V-114,"06 Agent, task and AI execution",Image generation tool,Agent can generate visual assets as project artifacts.,DOCUMENTED,D,Replit Docs index: image generation,Agent tool/provider,Image Generation Provider Binding,"External/provider implementation remains authoritative; VibeFlow owns binding, grants, policy, normalized state and evidence for Image Generation Provider Binding.",BRIDGE,BRIDGE,Image generation API adapter,VERIFY PER DEPENDENCY,P1,Task/execution durability + agent capability + independent completion verification,Generated asset is an Artifact with provider/evidence metadata.
R2V-115,"06 Agent, task and AI execution",Lite/Economy/Power execution modes,Agent exposes user-facing quality/cost/capability presets.,DOCUMENTED,D,Replit Docs: Agent Modes,Agent/model orchestration,Execution Profile,"VibeFlow is authoritative for Execution Profile state/policy; external IDs are references, never the source of VibeFlow truth.",OWN,OWN POLICY,Policy mapping onto agent/model capabilities,CUSTOM/OWNED,P0,Task/execution durability + agent capability + independent completion verification,Do not hard-code one vendor model; express goals and budget.
R2V-116,"06 Agent, task and AI execution",MCP client,Replit Agent connects to curated/custom MCP servers.,DOCUMENTED,D,Prior XAPK/docs evidence register; see Final Source Register,Agent integrations,MCP Client,Adopt commodity/open mechanism; VibeFlow stores only product-level metadata/policy for MCP Client.,ADOPT,ADOPT,MCP,MIT,P1,Task/execution durability + agent capability + independent completion verification,First-class open integration path.
R2V-117,"06 Agent, task and AI execution",Model/mode selection,Replit exposes Agent modes/models/cost tradeoffs.,CORROBORATED,P+D,Prior XAPK/docs evidence register; see Final Source Register,AI routing,ModelBinding/AgentProfile,"External/provider implementation remains authoritative; VibeFlow owns binding, grants, policy, normalized state and evidence for ModelBinding/AgentProfile.",BRIDGE,BRIDGE,Agent/provider discovery,VERIFY PER DEPENDENCY,P1,Task/execution durability + agent capability + independent completion verification,Do not hard-code Replit-style modes across incompatible agents.
R2V-118,"06 Agent, task and AI execution",Parallel Agent tasks,Agent 4 can execute multiple tasks at once.,DOCUMENTED,D,Replit Docs: Agent 4,Task scheduler,Parallel Execution Set,"VibeFlow is authoritative for Parallel Execution Set state/policy; external IDs are references, never the source of VibeFlow truth.",OWN,OWN,Durable scheduler + execution leases,CUSTOM/OWNED,P0,Task/execution durability + agent capability + independent completion verification,Need isolation/revision reconciliation before merging concurrent work.
R2V-119,"06 Agent, task and AI execution",Per-user Agent preferences,Agent behavior/settings can vary by user inside collaborative environments.,DOCUMENTED,D,Replit updates: per-user Agent settings,User preference authority,Agent Preference Profile,"VibeFlow is authoritative for Agent Preference Profile state/policy; external IDs are references, never the source of VibeFlow truth.",OWN,OWN,Account preference store,CUSTOM/OWNED,P1,Task/execution durability + agent capability + independent completion verification,Preferences are not task truth; apply as policy inputs.
R2V-120,"06 Agent, task and AI execution",Plan Mode,Read-only exploration/planning without file mutation.,DOCUMENTED,D,Prior XAPK/docs evidence register; see Final Source Register,Agent policy,PLAN execution mode,"VibeFlow is authoritative for PLAN execution mode state/policy; external IDs are references, never the source of VibeFlow truth.",OWN,OWN SEMANTICS,ACP config + policy,Apache-2.0,P1,Task/execution durability + agent capability + independent completion verification,Separate read authority from mutation authority.
R2V-121,"06 Agent, task and AI execution",Replit MCP server,Replit exposes platform operations to external MCP clients.,DOCUMENTED,D,Prior XAPK/docs evidence register; see Final Source Register,External platform API,VibeFlow MCP Server,"VibeFlow is authoritative for VibeFlow MCP Server state/policy; external IDs are references, never the source of VibeFlow truth.",OWN,ADOPT+OWN TOOLS,MCP Streamable HTTP + OAuth,MIT,P1,Task/execution durability + agent capability + independent completion verification,Expose safe project/task/deploy operations to external agents.
R2V-122,"06 Agent, task and AI execution",Sub-agent delegation in user-built agents,Agent SDK guidance supports orchestrator + specialized sub-agents.,DOCUMENTED,D,Replit Docs: Build an agent,User application agent runtime,A2A Agent Delegation,"External/provider implementation remains authoritative; VibeFlow owns binding, grants, policy, normalized state and evidence for A2A Agent Delegation.",BRIDGE,ADOPT/BRIDGE,A2A 1.0 + provider SDKs,Apache-2.0,P1,Task/execution durability + agent capability + independent completion verification,Use standard inter-agent boundary where independent agents collaborate.
R2V-123,"06 Agent, task and AI execution",Task board,Draft/active/ready/done work stages and background tasks.,DOCUMENTED,D,Prior XAPK/docs evidence register; see Final Source Register,Agent task service,Task,"VibeFlow is authoritative for Task state/policy; external IDs are references, never the source of VibeFlow truth.",OWN,OWN,Temporal + PostgreSQL,MIT; PostgreSQL License,P0,Task/execution durability + agent capability + independent completion verification,Task must outlive phone connection and agent process.
R2V-124,"06 Agent, task and AI execution",Task lifecycle columns/statuses,Task board distinguishes draft/active/ready/done-style states.,DOCUMENTED,D,Replit Docs: Project Editor,Task authority,Normalized Task State Machine,"VibeFlow is authoritative for Normalized Task State Machine state/policy; external IDs are references, never the source of VibeFlow truth.",OWN,OWN,PostgreSQL + event-sourced transitions,PostgreSQL License,P0,Task/execution durability + agent capability + independent completion verification,Do not map UI labels directly to provider execution states.
R2V-125,"06 Agent, task and AI execution",Task plan/success criteria,"Agent plans steps, done criteria and out-of-scope.",DOCUMENTED,D,Prior XAPK/docs evidence register; see Final Source Register,Agent,PlanArtifact,"VibeFlow is authoritative for PlanArtifact state/policy; external IDs are references, never the source of VibeFlow truth.",OWN,OWN NORMALIZATION,Structured task schema,CUSTOM/OWNED,P0,Task/execution durability + agent capability + independent completion verification,Make plan reviewable and provider-neutral.
R2V-126,"06 Agent, task and AI execution",Turbo advanced setting,Optional speed-oriented execution setting under advanced Agent controls.,DOCUMENTED,D,Replit Docs: Agent Modes,Agent/model orchestration,Latency Priority Hint,"External/provider implementation remains authoritative; VibeFlow owns binding, grants, policy, normalized state and evidence for Latency Priority Hint.",BRIDGE,BRIDGE,Agent capability hint,VERIFY PER DEPENDENCY,P1,Task/execution durability + agent capability + independent completion verification,Provider may support or ignore; should not become core semantics.
R2V-127,"06 Agent, task and AI execution",Voice mode,User can interact with Agent using voice.,DOCUMENTED,D,Replit Docs index: voice mode,Agent UX,Voice Input/Conversation Adapter,Not a greenfield core authority; no foundational dependency on this capability.,DEFER,DEFER,Speech-to-text/text-to-speech providers,CUSTOM/OWNED,P3,Task/execution durability + agent capability + independent completion verification,"UX layer, not execution authority."
R2V-128,"06 Agent, task and AI execution",Web search tool,Agent can retrieve web context during tasks.,DOCUMENTED,D,Replit Docs index: Agent web search,Agent tool plane,Web Research Tool Capability,"External/provider implementation remains authoritative; VibeFlow owns binding, grants, policy, normalized state and evidence for Web Research Tool Capability.",BRIDGE,BRIDGE,Search provider/MCP,MIT,P1,Task/execution durability + agent capability + independent completion verification,Treat as scoped external tool with provenance.
R2V-129,"07 Development workspace, IDE and runtime authority",CLUI / command-line UI helpers,Project editor includes CLI-oriented interaction helpers beyond raw shell.,DOCUMENTED,D,Replit Docs index: CLUI,Workspace UI,Command Execution UI,Not a greenfield core authority; no foundational dependency on this capability.,DEFER,DEFER,xterm.js + command metadata,MIT,P1,Workspace grant/isolation + filesystem/process/preview reconciliation,Nice-to-have after terminal basics.
R2V-130,"07 Development workspace, IDE and runtime authority",Code editor,Web IDE editing surface.,DOCUMENTED,D,Prior XAPK/docs evidence register; see Final Source Register,Workspace web UI,Editor Surface,Adopt commodity/open mechanism; VibeFlow stores only product-level metadata/policy for Editor Surface.,ADOPT,ADOPT,Monaco / Code-OSS,MIT,P1,Workspace grant/isolation + filesystem/process/preview reconciliation,Avoid native recreation of dense editor.
R2V-131,"07 Development workspace, IDE and runtime authority",Console/run logs,Shows process output/status.,DOCUMENTED,D,Prior XAPK/docs evidence register; see Final Source Register,Workspace execution,ExecutionLog stream,"VibeFlow is authoritative for ExecutionLog stream state/policy; external IDs are references, never the source of VibeFlow truth.",OWN,OWN NORMALIZATION,OTel/log adapter,Apache-2.0,P1,Workspace grant/isolation + filesystem/process/preview reconciliation,Separate durable execution events from ephemeral terminal text.
R2V-132,"07 Development workspace, IDE and runtime authority",Development URL lifecycle,Ephemeral development URLs expose currently running workspace services.,DOCUMENTED,D,Replit Docs: Development URLs,Workspace runtime/network plane,PreviewEndpoint,"External/provider implementation remains authoritative; VibeFlow owns binding, grants, policy, normalized state and evidence for PreviewEndpoint.",BRIDGE,BRIDGE,Workspace provider adapter,VERIFY PER DEPENDENCY,P1,Workspace grant/isolation + filesystem/process/preview reconciliation,Endpoint is provider-owned; VibeFlow records scope/TTL/access policy.
R2V-133,"07 Development workspace, IDE and runtime authority",Development URL public-by-default risk,Replit docs note dev URLs may be public unless restricted.,DOCUMENTED,D,Replit Docs: Development URLs,Workspace network plane,Preview Access Policy,"VibeFlow is authoritative for Preview Access Policy state/policy; external IDs are references, never the source of VibeFlow truth.",OWN,OWN POLICY,Gateway/reverse proxy policy,CUSTOM/OWNED,P1,Workspace grant/isolation + filesystem/process/preview reconciliation,VibeFlow should default to authenticated preview when possible.
R2V-134,"07 Development workspace, IDE and runtime authority",Diff view,Agent/Git changes visible for review.,DOCUMENTED,D,Prior XAPK/docs evidence register; see Final Source Register,Repo/workspace UI,ChangeSet view,"VibeFlow is authoritative for ChangeSet view state/policy; external IDs are references, never the source of VibeFlow truth.",OWN,OWN NORMALIZATION,Monaco Diff + Git,MIT,P1,Workspace grant/isolation + filesystem/process/preview reconciliation,Tie changes to execution/evidence IDs.
R2V-135,"07 Development workspace, IDE and runtime authority",Editor tabs / pane layout,Project Editor composes multiple workspace tools/panes around files and Agent.,DOCUMENTED,D,Replit Docs: Project Editor,Web workspace UI,Workspace Layout State,"VibeFlow is authoritative for Workspace Layout State state/policy; external IDs are references, never the source of VibeFlow truth.",OWN,OWN UI,Custom web shell,CUSTOM/OWNED,P1,Workspace grant/isolation + filesystem/process/preview reconciliation,UI layout may be VibeFlow-owned even when execution provider is external.
R2V-136,"07 Development workspace, IDE and runtime authority",Environment definition,Runtime/config/packages/workflows define dev environment.,INFERRED/ARCHITECTURAL,D+I,Prior XAPK/docs evidence register; see Final Source Register,Workspace,EnvironmentSpec,Adopt commodity/open mechanism; VibeFlow stores only product-level metadata/policy for EnvironmentSpec.,ADOPT,ADOPT,Dev Containers,spec/code mixed; file-level review,P1,Workspace grant/isolation + filesystem/process/preview reconciliation,Portable environment standard where feasible.
R2V-137,"07 Development workspace, IDE and runtime authority",Keyboard shortcuts,Project Editor exposes shortcuts for dense development workflows.,DOCUMENTED,D,Replit Docs index: shortcuts,Workspace UI,Shortcut Registry,"VibeFlow is authoritative for Shortcut Registry state/policy; external IDs are references, never the source of VibeFlow truth.",OWN,OWN,Web/native command registry,CUSTOM/OWNED,P1,Workspace grant/isolation + filesystem/process/preview reconciliation,Cross-device command IDs should be stable and capability-aware.
R2V-138,"07 Development workspace, IDE and runtime authority",Language intelligence/LSP,Expected Project Editor functionality; private implementation details not proven.,INFERRED/ARCHITECTURAL,I,Prior XAPK/docs evidence register; see Final Source Register,Workspace,LanguageService capability,Adopt commodity/open mechanism; VibeFlow stores only product-level metadata/policy for LanguageService capability.,ADOPT,ADOPT,LSP,VERIFY PER DEPENDENCY,P1,Workspace grant/isolation + filesystem/process/preview reconciliation,Standard interface; per-language servers provider/runtime dependent.
R2V-139,"07 Development workspace, IDE and runtime authority",Local parsing on mobile,Compiled mobile client contains parsers/actions for JS/Python/Java/HTML/CSS/Markdown.,PACKAGE-PROVEN,P,Prior XAPK/docs evidence register; see Final Source Register,Mobile editor support,Lightweight mobile syntax/action layer,"VibeFlow is authoritative for Lightweight mobile syntax/action layer state/policy; external IDs are references, never the source of VibeFlow truth.",OWN,ADOPT/OWN THIN,Lezer/Tree-sitter style parsers,CUSTOM/OWNED,P1,Workspace grant/isolation + filesystem/process/preview reconciliation,Useful for quick edits/actions even with web workspace.
R2V-140,"07 Development workspace, IDE and runtime authority",NixOS/runtime environment compatibility,General Agent supports arbitrary codebases runnable in Replit’s NixOS environment.,DOCUMENTED,D,Replit Docs: Sep 5 2025 changelog,Workspace environment,Environment Capability Descriptor,"External/provider implementation remains authoritative; VibeFlow owns binding, grants, policy, normalized state and evidence for Environment Capability Descriptor.",BRIDGE,BRIDGE,Dev Containers/Nix/provider descriptors,spec/code mixed; file-level review,P1,Workspace grant/isolation + filesystem/process/preview reconciliation,Do not mandate Nix; normalize environment capabilities.
R2V-141,"07 Development workspace, IDE and runtime authority",Package management,Agent/Shell install project dependencies.,DOCUMENTED,D,Prior XAPK/docs evidence register; see Final Source Register,Workspace,PackageOperation,"External/provider implementation remains authoritative; VibeFlow owns binding, grants, policy, normalized state and evidence for PackageOperation.",BRIDGE,BRIDGE+APPROVAL,Native package managers,VERIFY PER DEPENDENCY,P1,Workspace grant/isolation + filesystem/process/preview reconciliation,Policy around arbitrary install scripts.
R2V-142,"07 Development workspace, IDE and runtime authority",Ports/network exposure,Workspace exposes/controls network services.,INFERRED/ARCHITECTURAL,D+I,Prior XAPK/docs evidence register; see Final Source Register,Workspace networking,NetworkCapability,"External/provider implementation remains authoritative; VibeFlow owns binding, grants, policy, normalized state and evidence for NetworkCapability.",BRIDGE,BRIDGE+POLICY,Provider adapter + egress policy,VERIFY PER DEPENDENCY,P1,Workspace grant/isolation + filesystem/process/preview reconciliation,Capability discovery rather than assuming uniform ports.
R2V-143,"07 Development workspace, IDE and runtime authority",Preview URL,Live app preview from development workspace.,DOCUMENTED,D,Prior XAPK/docs evidence register; see Final Source Register,Workspace networking,PreviewEndpoint,"External/provider implementation remains authoritative; VibeFlow owns binding, grants, policy, normalized state and evidence for PreviewEndpoint.",BRIDGE,BRIDGE,Provider reverse proxy,VERIFY PER DEPENDENCY,P1,Workspace grant/isolation + filesystem/process/preview reconciliation,"Short-lived, origin-bound access token."
R2V-144,"07 Development workspace, IDE and runtime authority",Real-time collaboration,Multi-user project editing is a Replit product capability.,DOCUMENTED,D,Prior XAPK/docs evidence register; see Final Source Register,Collaboration/workspace,Presence/CollaborativeDocument,Not a greenfield core authority; no foundational dependency on this capability.,DEFER,DEFER,Yjs,MIT,P1,Workspace grant/isolation + filesystem/process/preview reconciliation,Core after single-user authority/recovery is correct.
R2V-145,"07 Development workspace, IDE and runtime authority",Remote development filesystem,"Project Editor, Shell and Agent operate on remote files.",DOCUMENTED,D,Prior XAPK/docs evidence register; see Final Source Register,Development workspace,WorkspaceBinding.filesystem,"External/provider implementation remains authoritative; VibeFlow owns binding, grants, policy, normalized state and evidence for WorkspaceBinding.filesystem.",BRIDGE,BRIDGE,Provider adapter,VERIFY PER DEPENDENCY,P1,Workspace grant/isolation + filesystem/process/preview reconciliation,BYOW: provider remains filesystem authority.
R2V-146,"07 Development workspace, IDE and runtime authority",Resource metrics,Project Editor resource panel shows CPU/RAM/storage.,DOCUMENTED,D,Prior XAPK/docs evidence register; see Final Source Register,Workspace,WorkspaceResourceMetrics,"External/provider implementation remains authoritative; VibeFlow owns binding, grants, policy, normalized state and evidence for WorkspaceResourceMetrics.",BRIDGE,BRIDGE,Provider metrics + OTel,Apache-2.0,P1,Workspace grant/isolation + filesystem/process/preview reconciliation,Normalize units/limits.
R2V-147,"07 Development workspace, IDE and runtime authority",Run/Stop workflow,Process lifecycle controls.,DOCUMENTED,D,Prior XAPK/docs evidence register; see Final Source Register,Workspace execution,Execution command,"VibeFlow is authoritative for Execution command state/policy; external IDs are references, never the source of VibeFlow truth.",OWN,OWN NORMALIZATION,Provider API,CUSTOM/OWNED,P1,Workspace grant/isolation + filesystem/process/preview reconciliation,Idempotent start/stop/cancel semantics.
R2V-148,"07 Development workspace, IDE and runtime authority",Runtime/process execution,Run/build/test/package operations execute remotely.,DOCUMENTED,D,Prior XAPK/docs evidence register; see Final Source Register,Workspace compute,WorkspaceExecution capability,"External/provider implementation remains authoritative; VibeFlow owns binding, grants, policy, normalized state and evidence for WorkspaceExecution capability.",BRIDGE,BRIDGE,Daytona/E2B/Docker/containerd,VERIFY PER DEPENDENCY,P0,Workspace grant/isolation + filesystem/process/preview reconciliation,Normalize lifecycle and process semantics.
R2V-149,"07 Development workspace, IDE and runtime authority",Search/ripgrep,Search files/text/tools.,DOCUMENTED,D,Prior XAPK/docs evidence register; see Final Source Register,Workspace,Search capability,Adopt commodity/open mechanism; VibeFlow stores only product-level metadata/policy for Search capability.,ADOPT,ADOPT,ripgrep,VERIFY PER DEPENDENCY,P1,Workspace grant/isolation + filesystem/process/preview reconciliation,Commodity.
R2V-150,"07 Development workspace, IDE and runtime authority",Shell/PTY,Interactive terminal tool.,DOCUMENTED,D,Prior XAPK/docs evidence register; see Final Source Register,Workspace,TerminalSession,"External/provider implementation remains authoritative; VibeFlow owns binding, grants, policy, normalized state and evidence for TerminalSession.",BRIDGE,BRIDGE,xterm.js + PTY provider,MIT,P1,Workspace grant/isolation + filesystem/process/preview reconciliation,High-risk capability with scoped authorization.
R2V-151,"07 Development workspace, IDE and runtime authority",SSH access,Workspace can be reached through SSH for external terminal/editor workflows.,DOCUMENTED,D,Replit Docs index: SSH,Workspace runtime,External Workspace Access Capability,"External/provider implementation remains authoritative; VibeFlow owns binding, grants, policy, normalized state and evidence for External Workspace Access Capability.",BRIDGE,BRIDGE,SSH provider capability,VERIFY PER DEPENDENCY,P1,Workspace grant/isolation + filesystem/process/preview reconciliation,Never assume every BYOW supports SSH.
R2V-152,"07 Development workspace, IDE and runtime authority",Themes/editor settings,Builder can customize workspace/editor visual preferences.,DOCUMENTED,D,Replit Docs index: settings/themes,User/workspace preferences,Workspace Preference Profile,"VibeFlow is authoritative for Workspace Preference Profile state/policy; external IDs are references, never the source of VibeFlow truth.",OWN,OWN,Theme tokens + editor settings,CUSTOM/OWNED,P1,Workspace grant/isolation + filesystem/process/preview reconciliation,Separate preferences from workspace authoritative state.
R2V-153,"07 Development workspace, IDE and runtime authority",Workspace isolation mechanism,Exact server sandbox mechanism is private.,UNKNOWN/PRIVATE,U,Prior XAPK/docs evidence register; see Final Source Register,Private Replit infra,WorkspaceIsolation capability,Authority assigned explicitly at implementation time; provider state is never silently promoted to VibeFlow truth.,BRIDGE,OUTSOURCE EARLY,Daytona/E2B; later gVisor/Firecracker,Apache-2.0,P0,Workspace grant/isolation + filesystem/process/preview reconciliation,Do not self-host hostile code until needed.
R2V-154,"08 Repository, checkpoints, history and recovery",Agent checkpoints,"Snapshot project files, context, environment and optional DB.",DOCUMENTED,D,Prior XAPK/docs evidence register; see Final Source Register,Cross-resource recovery,CheckpointManifest,"VibeFlow is authoritative for CheckpointManifest state/policy; external IDs are references, never the source of VibeFlow truth.",OWN,OWN,Manifest + provider snapshots,CUSTOM/OWNED,P0,Immutable recovery evidence + rollback/forward/revision consistency tests,No single provider owns all recoverable state in VibeFlow.
R2V-155,"08 Repository, checkpoints, history and recovery",Agent context restore,Conversation/Agent memory follows checkpoint.,DOCUMENTED,D,Prior XAPK/docs evidence register; see Final Source Register,Agent state,AgentContextSnapshotRef,"External/provider implementation remains authoritative; VibeFlow owns binding, grants, policy, normalized state and evidence for AgentContextSnapshotRef.",BRIDGE,BRIDGE,Agent/provider capability,VERIFY PER DEPENDENCY,P1,Immutable recovery evidence + rollback/forward/revision consistency tests,Portability may be limited; VibeFlow stores refs/metadata.
R2V-156,"08 Repository, checkpoints, history and recovery",Agent logical milestone checkpointing,Agent creates checkpoints at task/feature milestones rather than arbitrary intervals.,DOCUMENTED,D,Replit Docs: Version Control,Agent + checkpoint service,Checkpoint Policy Hook,"VibeFlow is authoritative for Checkpoint Policy Hook state/policy; external IDs are references, never the source of VibeFlow truth.",OWN,OWN POLICY,Task state -> checkpoint manifest,CUSTOM/OWNED,P0,Immutable recovery evidence + rollback/forward/revision consistency tests,Independent checkpoint service should consume task milestones.
R2V-157,"08 Repository, checkpoints, history and recovery",Alternate history after rollback,New edits after rollback make future checkpoints an alternate branch.,DOCUMENTED,D,Replit Docs: Checkpoints and Rollbacks,Checkpoint/history authority,Checkpoint DAG,"VibeFlow is authoritative for Checkpoint DAG state/policy; external IDs are references, never the source of VibeFlow truth.",OWN,OWN,Immutable manifest DAG,CUSTOM/OWNED,P1,Immutable recovery evidence + rollback/forward/revision consistency tests,Use DAG rather than destructive linear history.
R2V-158,"08 Repository, checkpoints, history and recovery",Branches/merge/conflicts,Branch and conflict workflows.,DOCUMENTED,D,Prior XAPK/docs evidence register; see Final Source Register,Repository,Branch/Review flow,"External/provider implementation remains authoritative; VibeFlow owns binding, grants, policy, normalized state and evidence for Branch/Review flow.",BRIDGE,BRIDGE,Git,VERIFY PER DEPENDENCY,P1,Immutable recovery evidence + rollback/forward/revision consistency tests,Do not invent alternative VCS.
R2V-159,"08 Repository, checkpoints, history and recovery",Checkpoint stores AI conversation context,Checkpoint includes AI context in addition to code state.,DOCUMENTED,D,Replit Docs: Version Control,Checkpoint authority,CheckpointManifest.ai_context_ref,"VibeFlow is authoritative for CheckpointManifest.ai_context_ref state/policy; external IDs are references, never the source of VibeFlow truth.",OWN,OWN,Manifest + provider snapshot reference,CUSTOM/OWNED,P0,Immutable recovery evidence + rollback/forward/revision consistency tests,"Checkpoint is cross-resource state, not Git commit alone."
R2V-160,"08 Repository, checkpoints, history and recovery",Checkpoint stores development environment configuration,Rollback can restore tool/config/editor state.,DOCUMENTED,D,Replit Docs: Checkpoints and Rollbacks,Checkpoint authority,CheckpointManifest.environment_ref,"VibeFlow is authoritative for CheckpointManifest.environment_ref state/policy; external IDs are references, never the source of VibeFlow truth.",OWN,OWN,Manifest of provider snapshot/settings,CUSTOM/OWNED,P0,Immutable recovery evidence + rollback/forward/revision consistency tests,Needed to reproduce state that produced code.
R2V-161,"08 Repository, checkpoints, history and recovery",Database checkpoint/restore,Development DB may be included in rollback; production not automatically rolled back.,DOCUMENTED,D,Prior XAPK/docs evidence register; see Final Source Register,Database/recovery,DatabaseSnapshotRef,"External/provider implementation remains authoritative; VibeFlow owns binding, grants, policy, normalized state and evidence for DatabaseSnapshotRef.",BRIDGE,BRIDGE+POLICY,Provider PITR/snapshot,VERIFY PER DEPENDENCY,P0,Immutable recovery evidence + rollback/forward/revision consistency tests,Strong separation of dev and prod recovery.
R2V-162,"08 Repository, checkpoints, history and recovery",File history,Per-file history separate from Agent checkpoints.,DOCUMENTED,D,Prior XAPK/docs evidence register; see Final Source Register,Repository/workspace,FileHistory projection,"External/provider implementation remains authoritative; VibeFlow owns binding, grants, policy, normalized state and evidence for FileHistory projection.",BRIDGE,BRIDGE,Git/provider history,VERIFY PER DEPENDENCY,P1,Immutable recovery evidence + rollback/forward/revision consistency tests,Keep separate from full-system checkpoint.
R2V-163,"08 Repository, checkpoints, history and recovery",Git repository,Git is core source version control.,DOCUMENTED,D,Prior XAPK/docs evidence register; see Final Source Register,Repository,RepositoryBinding,"External/provider implementation remains authoritative; VibeFlow owns binding, grants, policy, normalized state and evidence for RepositoryBinding.",BRIDGE,BRIDGE,Git/GitHub/GitLab,VERIFY PER DEPENDENCY,P1,Immutable recovery evidence + rollback/forward/revision consistency tests,Repo is separate authority from workspace.
R2V-164,"08 Repository, checkpoints, history and recovery",Optional development database restore with checkpoint,Rollback can optionally include development database contents.,DOCUMENTED,D,Replit Docs: Checkpoints and Rollbacks,Checkpoint + database services,CheckpointManifest.data_snapshot_ref,"VibeFlow is authoritative for CheckpointManifest.data_snapshot_ref state/policy; external IDs are references, never the source of VibeFlow truth.",BRIDGE,BRIDGE+OWN MANIFEST,Database provider snapshot API,CUSTOM/OWNED,P0,Immutable recovery evidence + rollback/forward/revision consistency tests,Never silently roll production data with development checkpoint.
R2V-165,"08 Repository, checkpoints, history and recovery",Production database point-in-time recovery separate from checkpoint,Production DB recovery uses a distinct path rather than normal Agent rollback.,DOCUMENTED,D,Replit Docs: Checkpoints and Rollbacks,Production database service,Production Data Recovery,"External/provider implementation remains authoritative; VibeFlow owns binding, grants, policy, normalized state and evidence for Production Data Recovery.",BRIDGE,BRIDGE,DB provider PITR,VERIFY PER DEPENDENCY,P0,Immutable recovery evidence + rollback/forward/revision consistency tests,Strong authority separation to preserve in VibeFlow.
R2V-166,"08 Repository, checkpoints, history and recovery",Recovery verification,"Replit rollback restores state, but independent post-restore verification is not described as VibeFlow-style gate.",INFERRED/ARCHITECTURAL,I,Prior XAPK/docs evidence register; see Final Source Register,Recovery,RecoveryVerification,"VibeFlow is authoritative for RecoveryVerification state/policy; external IDs are references, never the source of VibeFlow truth.",OWN,OWN STRONGER,Verification pipeline,CUSTOM/OWNED,P0,Immutable recovery evidence + rollback/forward/revision consistency tests,Restored state must be tested/reconciled before declared healthy.
R2V-167,"08 Repository, checkpoints, history and recovery",Roll forward/alternate history,Checkpoint timeline supports bidirectional movement and branches.,DOCUMENTED,D,Prior XAPK/docs evidence register; see Final Source Register,Recovery history,RecoveryGraph,"VibeFlow is authoritative for RecoveryGraph state/policy; external IDs are references, never the source of VibeFlow truth.",OWN,OWN,Manifest DAG,CUSTOM/OWNED,P1,Immutable recovery evidence + rollback/forward/revision consistency tests,Avoid destructive linear-history assumptions.
R2V-168,"08 Repository, checkpoints, history and recovery",Rollback confirmation,User sees impacted files/memory/tasks/database before rollback.,DOCUMENTED,D,Prior XAPK/docs evidence register; see Final Source Register,Recovery policy,RecoveryPlan + approval,"VibeFlow is authoritative for RecoveryPlan + approval state/policy; external IDs are references, never the source of VibeFlow truth.",OWN,OWN,Workflow engine,CUSTOM/OWNED,P1,Immutable recovery evidence + rollback/forward/revision consistency tests,Explicit impact plan before destructive restore.
R2V-169,"08 Repository, checkpoints, history and recovery",Stage/commit/push/pull,Standard Git operations.,DOCUMENTED,D,Prior XAPK/docs evidence register; see Final Source Register,Repository,RepoCommand,"External/provider implementation remains authoritative; VibeFlow owns binding, grants, policy, normalized state and evidence for RepoCommand.",BRIDGE,BRIDGE,Git provider adapters,VERIFY PER DEPENDENCY,P1,Immutable recovery evidence + rollback/forward/revision consistency tests,Normalize common operations; preserve provider-specific details.
R2V-170,"08 Repository, checkpoints, history and recovery",Workspace snapshot,Likely element of complete environment restore; exact backend implementation private.,UNKNOWN/PRIVATE,D+U,Prior XAPK/docs evidence register; see Final Source Register,Workspace/recovery,WorkspaceSnapshotRef,"External/provider implementation remains authoritative; VibeFlow owns binding, grants, policy, normalized state and evidence for WorkspaceSnapshotRef.",BRIDGE,BRIDGE,Provider snapshot API,VERIFY PER DEPENDENCY,P0,Immutable recovery evidence + rollback/forward/revision consistency tests,Capability optional by workspace provider.
R2V-171,"09 Connections, MCP, integrations and secrets",App/account secrets,Encrypted secrets injected as env vars and reusable across apps.,DOCUMENTED,D,Prior XAPK/docs evidence register; see Final Source Register,Secret service,SecretRef,"VibeFlow is authoritative for SecretRef state/policy; external IDs are references, never the source of VibeFlow truth.",OWN,OWN BOUNDARY,KMS-backed secret store / OpenBao optional,CUSTOM/OWNED,P0,Connection scope/token isolation + MCP conformance + approval tests,Never expose raw secret to agent/mobile unless explicitly necessary.
R2V-172,"09 Connections, MCP, integrations and secrets",Business SaaS connectors,"Connectors include tools such as Linear, Slack, Notion, Jira and others.",DOCUMENTED,D,Replit Docs: Connect via MCP,Integration plane,Service Connection Adapter,"External/provider implementation remains authoritative; VibeFlow owns binding, grants, policy, normalized state and evidence for Service Connection Adapter.",BRIDGE,BRIDGE,MCP/provider APIs,MIT,P1,Connection scope/token isolation + MCP conformance + approval tests,Discoverable scoped tool surface.
R2V-173,"09 Connections, MCP, integrations and secrets",Commerce/fintech connectors,Platform exposes integrations such as Stripe/Shopify/Plaid/Square.,DOCUMENTED,D,Replit Docs changelogs/connectors,Integration plane,Commerce Connection Adapter,"External/provider implementation remains authoritative; VibeFlow owns binding, grants, policy, normalized state and evidence for Commerce Connection Adapter.",BRIDGE,BRIDGE,MCP/provider APIs,MIT,P1,Connection scope/token isolation + MCP conformance + approval tests,High-risk tools should be policy/approval gated.
R2V-174,"09 Connections, MCP, integrations and secrets",Confirmation for sensitive tools,Some MCP tools require confirmation.,DOCUMENTED,D,Prior XAPK/docs evidence register; see Final Source Register,Agent policy,ApprovalPolicy,"VibeFlow is authoritative for ApprovalPolicy state/policy; external IDs are references, never the source of VibeFlow truth.",OWN,OWN,Risk engine + user approval,CUSTOM/OWNED,P1,Connection scope/token isolation + MCP conformance + approval tests,Approval semantics are VibeFlow-owned.
R2V-175,"09 Connections, MCP, integrations and secrets",Connector catalog,Curated service integrations.,DOCUMENTED,D,Prior XAPK/docs evidence register; see Final Source Register,Integration service,ConnectionCatalog,"VibeFlow is authoritative for ConnectionCatalog state/policy; external IDs are references, never the source of VibeFlow truth.",OWN,OWN REGISTRY,MCP directory + provider manifests,MIT,P1,Connection scope/token isolation + MCP conformance + approval tests,Catalog metadata separate from credentials.
R2V-176,"09 Connections, MCP, integrations and secrets",Curated hosted MCP directory,Replit presents pre-listed MCP servers for one-click sign-in.,DOCUMENTED,D,Replit Docs: Connect via MCP,Integration catalog,Provider Capability Catalog,"VibeFlow is authoritative for Provider Capability Catalog state/policy; external IDs are references, never the source of VibeFlow truth.",OWN,ADOPT+OWN CURATION,MCP catalog metadata,MIT,P1,Connection scope/token isolation + MCP conformance + approval tests,"Catalog can be open, but trust/review state is VibeFlow-owned."
R2V-177,"09 Connections, MCP, integrations and secrets",Custom MCP HTTPS endpoint,User can add arbitrary trusted remote MCP endpoint.,DOCUMENTED,D,Replit Docs: Connect via MCP; MCP spec,MCP client,Custom MCP Connection,"VibeFlow is authoritative for Custom MCP Connection state/policy; external IDs are references, never the source of VibeFlow truth.",OWN,ADOPT+OWN POLICY,MCP 2026-07-28,MIT,P1,Connection scope/token isolation + MCP conformance + approval tests,Use protocol standard; own trust/grant/approval boundary.
R2V-178,"09 Connections, MCP, integrations and secrets",Custom MCP server connection,"URL + optional headers/OAuth, test and save.",DOCUMENTED,D,Prior XAPK/docs evidence register; see Final Source Register,Agent integration,MCPConnection,"VibeFlow is authoritative for MCPConnection state/policy; external IDs are references, never the source of VibeFlow truth.",OWN,ADOPT+OWN GRANT,MCP,MIT,P1,Connection scope/token isolation + MCP conformance + approval tests,"Headers/secrets stored in secret boundary, not client state."
R2V-179,"09 Connections, MCP, integrations and secrets",Enterprise warehouse connectors,Connectors include enterprise data warehouses/services such as BigQuery/Databricks/Snowflake/Fabric.,DOCUMENTED,D,Replit Docs index: connectors/warehouses,Enterprise connector plane,Data Connection Adapter,"External/provider implementation remains authoritative; VibeFlow owns binding, grants, policy, normalized state and evidence for Data Connection Adapter.",BRIDGE,BRIDGE,Vendor APIs/MCP,MIT,P1,Connection scope/token isolation + MCP conformance + approval tests,Do not make data warehouse access core project authority.
R2V-180,"09 Connections, MCP, integrations and secrets",External API keys,Agent can configure third-party APIs with user credentials.,DOCUMENTED,D,Prior XAPK/docs evidence register; see Final Source Register,Integration/secrets,ProviderCredentialRef,"VibeFlow is authoritative for ProviderCredentialRef state/policy; external IDs are references, never the source of VibeFlow truth.",OWN,OWN BOUNDARY,Secret broker,CUSTOM/OWNED,P1,Connection scope/token isolation + MCP conformance + approval tests,BYOK separated from VibeFlow billing and logs.
R2V-181,"09 Connections, MCP, integrations and secrets",Figma MCP integration,Agent can inspect Figma layers/variables/screenshots and generate code.,DOCUMENTED,D,Replit Docs: Figma MCP,MCP integration,Design Tool Connection,"External/provider implementation remains authoritative; VibeFlow owns binding, grants, policy, normalized state and evidence for Design Tool Connection.",BRIDGE,BRIDGE,Figma MCP,MIT,P1,Connection scope/token isolation + MCP conformance + approval tests,Provider tool integration should remain standard MCP.
R2V-182,"09 Connections, MCP, integrations and secrets",GitHub connection,Import/repo operations and refresh path.,CORROBORATED,P+D,Prior XAPK/docs evidence register; see Final Source Register,Repo/integration,RepositoryConnection,"External/provider implementation remains authoritative; VibeFlow owns binding, grants, policy, normalized state and evidence for RepositoryConnection.",BRIDGE,BRIDGE,GitHub API/MCP where sufficient,MIT,P1,Connection scope/token isolation + MCP conformance + approval tests,Dedicated repo contract likely stronger than generic MCP for Git state.
R2V-183,"09 Connections, MCP, integrations and secrets",MCP custom headers/API key auth,Custom MCP config may include authentication headers.,DOCUMENTED,D,Replit Docs: MCP Install Links,Connection service,Connection CredentialRef,"VibeFlow is authoritative for Connection CredentialRef state/policy; external IDs are references, never the source of VibeFlow truth.",OWN,OWN,SecretRef + MCP adapter,MIT,P0,Connection scope/token isolation + MCP conformance + approval tests,Never persist raw secret in project or bridge payload.
R2V-184,"09 Connections, MCP, integrations and secrets",MCP install links/badges,Third parties can distribute one-click Replit MCP install links.,DOCUMENTED,D,Replit Docs: MCP Install Links,Integration distribution,Provider Install Descriptor,Not a greenfield core authority; no foundational dependency on this capability.,DEFER,DEFER,Signed capability manifest URL,CUSTOM/OWNED,P1,Connection scope/token isolation + MCP conformance + approval tests,Useful ecosystem growth feature.
R2V-185,"09 Connections, MCP, integrations and secrets",MCP OAuth sign-in,Curated MCP servers can authenticate via OAuth.,DOCUMENTED,D,Replit Docs: Connect via MCP,Connection broker,OAuth-backed Connection,"VibeFlow is authoritative for OAuth-backed Connection state/policy; external IDs are references, never the source of VibeFlow truth.",OWN,OWN+ADOPT,OAuth 2.1/PKCE + MCP auth,MIT,P0,Connection scope/token isolation + MCP conformance + approval tests,Broker tokens behind a connection grant.
R2V-186,"09 Connections, MCP, integrations and secrets",MCP tool discovery,Agent fetches available tools after connection.,DOCUMENTED,D,Prior XAPK/docs evidence register; see Final Source Register,Agent integration,CapabilityDiscovery,Adopt commodity/open mechanism; VibeFlow stores only product-level metadata/policy for CapabilityDiscovery.,ADOPT,ADOPT,MCP tools/list,MIT,P1,Connection scope/token isolation + MCP conformance + approval tests,"Cache capability metadata, revalidate on execution."
R2V-187,"09 Connections, MCP, integrations and secrets",Per-project connection grants,Replit reuses connections broadly; exact internal grant model private.,UNKNOWN/PRIVATE,I/U,Prior XAPK/docs evidence register; see Final Source Register,Integration policy,ConnectionGrant,"VibeFlow is authoritative for ConnectionGrant state/policy; external IDs are references, never the source of VibeFlow truth.",OWN,OWN STRONGER,OpenFGA + scoped grants,Apache-2.0,P0,Connection scope/token isolation + MCP conformance + approval tests,BYOA/BYOW requires explicit project/session grants.
R2V-188,"09 Connections, MCP, integrations and secrets",Persistent OAuth connections,Sign-in connection reused across projects.,DOCUMENTED,D,Prior XAPK/docs evidence register; see Final Source Register,Credential broker,Connection,"VibeFlow is authoritative for Connection state/policy; external IDs are references, never the source of VibeFlow truth.",OWN,OWN,OAuth broker,CUSTOM/OWNED,P0,Connection scope/token isolation + MCP conformance + approval tests,"Connection has owner, provider, scopes and lifecycle."
R2V-189,"09 Connections, MCP, integrations and secrets",Replit Integrations token abstraction for user-built agents,User-built agents can call connected services without manually handling tokens.,DOCUMENTED,D,Replit Docs: Build an agent,Connection broker,ConnectionGrant injection,"VibeFlow is authoritative for ConnectionGrant injection state/policy; external IDs are references, never the source of VibeFlow truth.",OWN,OWN,Scoped token broker/provider proxy,CUSTOM/OWNED,P1,Connection scope/token isolation + MCP conformance + approval tests,"A strong VibeFlow pattern: agents receive scoped capability, not durable raw credentials."
R2V-190,"09 Connections, MCP, integrations and secrets",Service-specific connectors,Google/Microsoft/Slack/Linear/etc.,DOCUMENTED,D,Prior XAPK/docs evidence register; see Final Source Register,Integration catalog,Adapters/MCP servers,Adopt commodity/open mechanism; VibeFlow stores only product-level metadata/policy for Adapters/MCP servers.,ADOPT,ADOPT,MCP/provider APIs,MIT,P1,Connection scope/token isolation + MCP conformance + approval tests,Do not custom-code every connector if MCP is adequate.
R2V-191,"10 Data, databases and storage",Agent dev DB mutation,Agent can modify development DB.,DOCUMENTED,D,Prior XAPK/docs evidence register; see Final Source Register,Agent + dev database,"DatabaseGrant(dev, write)","VibeFlow is authoritative for DatabaseGrant(dev, write) state/policy; external IDs are references, never the source of VibeFlow truth.",OWN,OWN POLICY,Scoped DB capability,CUSTOM/OWNED,P1,Dev/prod authority separation + backup/restore + data access tests,Explicit environment/scope.
R2V-192,"10 Data, databases and storage",Agent production DB read-only diagnostics,Current product supports read-only production SQL access.,DOCUMENTED,D,Prior XAPK/docs evidence register; see Final Source Register,Agent + prod database,"DiagnosticGrant(prod, read)","VibeFlow is authoritative for DiagnosticGrant(prod, read) state/policy; external IDs are references, never the source of VibeFlow truth.",OWN,OWN POLICY,Time-bound DB proxy,CUSTOM/OWNED,P1,Dev/prod authority separation + backup/restore + data access tests,No implicit production write.
R2V-193,"10 Data, databases and storage",App Storage backed by GCS,Replit App Storage is documented as using Google Cloud Storage.,DOCUMENTED,D,Replit Docs: App Storage,Managed object storage,ObjectStorageBinding,"External/provider implementation remains authoritative; VibeFlow owns binding, grants, policy, normalized state and evidence for ObjectStorageBinding.",BRIDGE,BRIDGE,S3/GCS/Azure Blob adapters,VERIFY PER DEPENDENCY,P1,Dev/prod authority separation + backup/restore + data access tests,Do not conflate object storage with workspace filesystem.
R2V-194,"10 Data, databases and storage",App Storage/object storage,Managed bucket/object storage; current docs say GCS-backed.,DOCUMENTED,D,Prior XAPK/docs evidence register; see Final Source Register,Storage service,ObjectStorageBinding,"External/provider implementation remains authoritative; VibeFlow owns binding, grants, policy, normalized state and evidence for ObjectStorageBinding.",BRIDGE,BRIDGE,S3-compatible provider/SeaweedFS,Apache-2.0,P1,Dev/prod authority separation + backup/restore + data access tests,Storage is independent resource authority.
R2V-195,"10 Data, databases and storage",Bucket access policy,Apps can be granted/revoked access to buckets.,DOCUMENTED,D,Prior XAPK/docs evidence register; see Final Source Register,Storage policy,StorageGrant,"VibeFlow is authoritative for StorageGrant state/policy; external IDs are references, never the source of VibeFlow truth.",OWN,OWN NORMALIZATION,Provider policy + OpenFGA,Apache-2.0,P1,Dev/prod authority separation + backup/restore + data access tests,Explicit project/artifact bindings.
R2V-196,"10 Data, databases and storage",Database idle suspension / activity-based compute,Managed DB compute can suspend when idle and meter active time.,DOCUMENTED,D,Replit Docs: usage-based billing,Database runtime,Database Capability Metadata,"External/provider implementation remains authoritative; VibeFlow owns binding, grants, policy, normalized state and evidence for Database Capability Metadata.",BRIDGE,BRIDGE,Managed PostgreSQL provider,PostgreSQL License,P1,Dev/prod authority separation + backup/restore + data access tests,"Provider-specific economics, not core semantics."
R2V-197,"10 Data, databases and storage",Database UI,Inspect/edit/query database in Project Editor.,DOCUMENTED,D,Prior XAPK/docs evidence register; see Final Source Register,Database tool,Data Explorer,"External/provider implementation remains authoritative; VibeFlow owns binding, grants, policy, normalized state and evidence for Data Explorer.",BRIDGE,BRIDGE,pgweb/custom query UI,VERIFY PER DEPENDENCY,P1,Dev/prod authority separation + backup/restore + data access tests,Provider-neutral and permission-aware.
R2V-198,"10 Data, databases and storage",Development SQL database,Current Replit database infrastructure is development-oriented Postgres; migration/current naming has changed over time.,DOCUMENTED,D,Prior XAPK/docs evidence register; see Final Source Register,Replit database,ApplicationDataBinding(dev),"External/provider implementation remains authoritative; VibeFlow owns binding, grants, policy, normalized state and evidence for ApplicationDataBinding(dev).",BRIDGE,BRIDGE,External Postgres/provider,PostgreSQL License,P1,Dev/prod authority separation + backup/restore + data access tests,App data should remain provider-owned.
R2V-199,"10 Data, databases and storage",Development/production database authority split,Development DB may be mutated during build while production recovery/operations are separate.,DOCUMENTED,D,Replit Docs: Version Control; billing DB docs,Database services,Environment-scoped DataBinding,"VibeFlow is authoritative for Environment-scoped DataBinding state/policy; external IDs are references, never the source of VibeFlow truth.",BRIDGE,OWN METADATA+BRIDGE,Postgres provider adapters,PostgreSQL License,P1,Dev/prod authority separation + backup/restore + data access tests,Core safety boundary for agentic development.
R2V-200,"10 Data, databases and storage",Production database usage metering,Production DB compute/storage contributes to usage billing.,DOCUMENTED,D,Replit Docs: usage-based billing,Database billing service,Provider UsageRecord,"External/provider implementation remains authoritative; VibeFlow owns binding, grants, policy, normalized state and evidence for Provider UsageRecord.",BRIDGE,BRIDGE,Provider meter ingestion,VERIFY PER DEPENDENCY,P1,Dev/prod authority separation + backup/restore + data access tests,Keep provider usage separate from VibeFlow subscription ledger.
R2V-201,"10 Data, databases and storage",Production DB recovery,Production DB recovery is distinct from Agent rollback.,DOCUMENTED,D,Prior XAPK/docs evidence register; see Final Source Register,Database provider,ProductionRecoveryPlan,"External/provider implementation remains authoritative; VibeFlow owns binding, grants, policy, normalized state and evidence for ProductionRecoveryPlan.",BRIDGE,BRIDGE+APPROVAL,PITR provider APIs,VERIFY PER DEPENDENCY,P1,Dev/prod authority separation + backup/restore + data access tests,Never hide destructive production recovery behind generic checkpoint.
R2V-202,"10 Data, databases and storage",Production SQL database,Published app uses separate production database.,DOCUMENTED,D,Prior XAPK/docs evidence register; see Final Source Register,Production data,ApplicationDataBinding(prod),"External/provider implementation remains authoritative; VibeFlow owns binding, grants, policy, normalized state and evidence for ApplicationDataBinding(prod).",BRIDGE,BRIDGE,External Postgres/provider,PostgreSQL License,P1,Dev/prod authority separation + backup/restore + data access tests,Strong authority separation.
R2V-203,"10 Data, databases and storage",Published filesystem non-persistence,Published app FS is not durable data store.,DOCUMENTED,D,Prior XAPK/docs evidence register; see Final Source Register,Deployment runtime,EphemeralRuntimeFS,Authority assigned explicitly at implementation time; provider state is never silently promoted to VibeFlow truth.,OWN/DECIDE,MODEL EXPLICITLY,Provider deployment contract,VERIFY PER DEPENDENCY,P1,Dev/prod authority separation + backup/restore + data access tests,"Avoid user confusion between workspace files, artifact and persistent data."
R2V-204,"10 Data, databases and storage",Shared App Storage across dev/prod/apps,Buckets can be made available across environments/apps under access policy.,DOCUMENTED,D,Replit Docs: App Storage,Object storage service,Scoped StorageGrant,"VibeFlow is authoritative for Scoped StorageGrant state/policy; external IDs are references, never the source of VibeFlow truth.",BRIDGE,OWN POLICY+BRIDGE,Object-store policy adapter,CUSTOM/OWNED,P1,Dev/prod authority separation + backup/restore + data access tests,Cross-project sharing must be explicit and scoped.
R2V-205,"10 Data, databases and storage",VibeFlow control-plane database,Not a Replit feature mapping; required greenfield system of record.,INFERRED/ARCHITECTURAL,N/A,Prior XAPK/docs evidence register; see Final Source Register,VibeFlow,ControlPlaneDB,"VibeFlow is authoritative for ControlPlaneDB state/policy; external IDs are references, never the source of VibeFlow truth.",OWN,OWN,PostgreSQL,PostgreSQL License,P1,Dev/prod authority separation + backup/restore + data access tests,"Stores VibeFlow metadata, never claims external workspace/app state as local truth."
R2V-206,"11 Publishing, deployments and production runtime",Autoscale deployment,Traffic-based managed runtime.,DOCUMENTED,D,Prior XAPK/docs evidence register; see Final Source Register,Replit cloud,DeploymentProvider autoscale,"External/provider implementation remains authoritative; VibeFlow owns binding, grants, policy, normalized state and evidence for DeploymentProvider autoscale.",BRIDGE,BRIDGE,Cloudflare/Vercel/Knative/etc.,VERIFY PER DEPENDENCY,P1,Build artifact provenance + deployment health/rollback + environment isolation,Capability adapter rather than self-hosting initially.
R2V-207,"11 Publishing, deployments and production runtime",Build pipeline,Build/bundle before promotion.,DOCUMENTED,D,Prior XAPK/docs evidence register; see Final Source Register,Build system,BuildExecution,"External/provider implementation remains authoritative; VibeFlow owns binding, grants, policy, normalized state and evidence for BuildExecution.",BRIDGE,BRIDGE,Build provider/GitHub Actions/BuildKit,VERIFY PER DEPENDENCY,P1,Build artifact provenance + deployment health/rollback + environment isolation,"Capture commands, logs, hashes and outputs."
R2V-208,"11 Publishing, deployments and production runtime",Custom domains/TLS,Bind domain/certificate to deployment.,DOCUMENTED,D,Prior XAPK/docs evidence register; see Final Source Register,Publishing,DomainBinding,"External/provider implementation remains authoritative; VibeFlow owns binding, grants, policy, normalized state and evidence for DomainBinding.",BRIDGE,BRIDGE,DNS provider + ACME,VERIFY PER DEPENDENCY,P1,Build artifact provenance + deployment health/rollback + environment isolation,External authority with proof/status.
R2V-209,"11 Publishing, deployments and production runtime",Deployment geography/region selection,Publishing can place apps in selected geographic regions.,DOCUMENTED,D,Replit Docs index: geography,Deployment runtime,DeploymentRegion Policy,"External/provider implementation remains authoritative; VibeFlow owns binding, grants, policy, normalized state and evidence for DeploymentRegion Policy.",BRIDGE,BRIDGE,Provider region capabilities,VERIFY PER DEPENDENCY,P1,Build artifact provenance + deployment health/rollback + environment isolation,Record residency/compliance implications.
R2V-210,"11 Publishing, deployments and production runtime",Deployment health/status,Production runtime status and logs.,DOCUMENTED,D,Prior XAPK/docs evidence register; see Final Source Register,Operations,DeploymentStatus,"External/provider implementation remains authoritative; VibeFlow owns binding, grants, policy, normalized state and evidence for DeploymentStatus.",BRIDGE,BRIDGE,Provider API + OTel,Apache-2.0,P1,Build artifact provenance + deployment health/rollback + environment isolation,Feed verification/incident loop.
R2V-211,"11 Publishing, deployments and production runtime",Deployment machine sizing/configuration,Publishing exposes resource/machine configuration choices.,DOCUMENTED,D,Replit Docs index: machine config,Deployment runtime,DeploymentProfile,"External/provider implementation remains authoritative; VibeFlow owns binding, grants, policy, normalized state and evidence for DeploymentProfile.",BRIDGE,BRIDGE,Provider SKU/capability mapping,VERIFY PER DEPENDENCY,P1,Build artifact provenance + deployment health/rollback + environment isolation,Normalize CPU/memory class without pretending all providers match.
R2V-212,"11 Publishing, deployments and production runtime",Deployment provider abstraction,Replit vertically owns cloud; VibeFlow should not.,INFERRED/ARCHITECTURAL,Inference,Prior XAPK/docs evidence register; see Final Source Register,Replit cloud,DeploymentBinding,"VibeFlow is authoritative for DeploymentBinding state/policy; external IDs are references, never the source of VibeFlow truth.",OWN,OWN CONTRACT,Vercel/Cloudflare/Fly/Render/Railway/K8s adapters,CUSTOM/OWNED,P1,Build artifact provenance + deployment health/rollback + environment isolation,Key greenfield difference.
R2V-213,"11 Publishing, deployments and production runtime",Development and production are separate runtime instances,Publishing creates a snapshot and runs it as a distinct production instance.,DOCUMENTED,D,Replit Docs: Deployments,Publishing plane,Release -> DeploymentBinding,"VibeFlow is authoritative for Release -> DeploymentBinding state/policy; external IDs are references, never the source of VibeFlow truth.",BRIDGE,OWN METADATA+BRIDGE,Build artifact + deployment provider,CUSTOM/OWNED,P1,Build artifact provenance + deployment health/rollback + environment isolation,Never treat live dev workspace as production runtime.
R2V-214,"11 Publishing, deployments and production runtime",Feedback widget on published app,Published app can collect visitor feedback for Agent Inbox.,DOCUMENTED,D,Replit Feb 6 2026 changelog,Production feedback service,User Feedback Ingest,Not a greenfield core authority; no foundational dependency on this capability.,DEFER,DEFER,OpenFeedback/custom widget,CUSTOM/OWNED,P1,Build artifact provenance + deployment health/rollback + environment isolation,Potential Build→Observe→Task loop.
R2V-215,"11 Publishing, deployments and production runtime",Private deployment/access tokens,Published app access policy.,DOCUMENTED,D,Prior XAPK/docs evidence register; see Final Source Register,Publishing/auth,DeploymentAccessPolicy,"VibeFlow is authoritative for DeploymentAccessPolicy state/policy; external IDs are references, never the source of VibeFlow truth.",OWN,OWN NORMALIZATION,Auth proxy + OpenFGA,Apache-2.0,P1,Build artifact provenance + deployment health/rollback + environment isolation,Model separately from project visibility.
R2V-216,"11 Publishing, deployments and production runtime",Production filesystem is ephemeral,Published app filesystem should not be used as persistent application data.,DOCUMENTED,D,Replit Docs: Deployments; Troubleshooting,Production runtime,Runtime Persistence Capability,"VibeFlow is authoritative for Runtime Persistence Capability state/policy; external IDs are references, never the source of VibeFlow truth.",BRIDGE,OWN POLICY+BRIDGE,Deployment descriptor,CUSTOM/OWNED,P1,Build artifact provenance + deployment health/rollback + environment isolation,Surface storage guarantees explicitly.
R2V-217,"11 Publishing, deployments and production runtime",Publish action,Creates deployable production instance from project.,DOCUMENTED,D,Prior XAPK/docs evidence register; see Final Source Register,Publishing control plane,DeploymentRequest,"VibeFlow is authoritative for DeploymentRequest state/policy; external IDs are references, never the source of VibeFlow truth.",OWN,OWN ORCHESTRATION,Provider adapter,CUSTOM/OWNED,P1,Build artifact provenance + deployment health/rollback + environment isolation,"VibeFlow coordinates, may not host runtime."
R2V-218,"11 Publishing, deployments and production runtime",Publish size/type constraints,Deployment modes have different supported limits and characteristics.,DOCUMENTED,D,Replit Docs: Troubleshooting,Publishing runtime,Deployment Capability Validation,"VibeFlow is authoritative for Deployment Capability Validation state/policy; external IDs are references, never the source of VibeFlow truth.",BRIDGE,OWN POLICY+BRIDGE,Provider capability manifest,CUSTOM/OWNED,P1,Build artifact provenance + deployment health/rollback + environment isolation,"Validate before release, not after provider error."
R2V-219,"11 Publishing, deployments and production runtime",Republish to update,Published instance does not automatically mirror development changes.,DOCUMENTED,D,Prior XAPK/docs evidence register; see Final Source Register,Deployment,Promotion,"VibeFlow is authoritative for Promotion state/policy; external IDs are references, never the source of VibeFlow truth.",OWN,OWN,Immutable release model,CUSTOM/OWNED,P1,Build artifact provenance + deployment health/rollback + environment isolation,Good safety model to preserve.
R2V-220,"11 Publishing, deployments and production runtime",Reserved VM deployment,Continuous predictable compute.,DOCUMENTED,D,Prior XAPK/docs evidence register; see Final Source Register,Replit cloud,DeploymentProvider VM,"External/provider implementation remains authoritative; VibeFlow owns binding, grants, policy, normalized state and evidence for DeploymentProvider VM.",BRIDGE,BRIDGE,Fly/Render/Railway/K8s,VERIFY PER DEPENDENCY,P1,Build artifact provenance + deployment health/rollback + environment isolation,Provider-specific capabilities.
R2V-221,"11 Publishing, deployments and production runtime",Scheduled deployment,Scheduled background workload.,DOCUMENTED,D,Prior XAPK/docs evidence register; see Final Source Register,Replit cloud,ScheduledDeployment,"External/provider implementation remains authoritative; VibeFlow owns binding, grants, policy, normalized state and evidence for ScheduledDeployment.",BRIDGE,BRIDGE,Temporal/provider jobs,MIT,P1,Build artifact provenance + deployment health/rollback + environment isolation,Distinguish app automation from VibeFlow internal task scheduler.
R2V-222,"11 Publishing, deployments and production runtime",Security check before publish,Security pane/gating can block critical vulnerabilities.,DOCUMENTED,D,Prior XAPK/docs evidence register; see Final Source Register,Security/publishing,PolicyGate,"VibeFlow is authoritative for PolicyGate state/policy; external IDs are references, never the source of VibeFlow truth.",OWN,OWN,Scanner adapters,CUSTOM/OWNED,P1,Build artifact provenance + deployment health/rollback + environment isolation,Verification policy controls promotion.
R2V-223,"11 Publishing, deployments and production runtime",Snapshot files/dependencies,Publishing creates a snapshot separate from development workspace.,DOCUMENTED,D,Prior XAPK/docs evidence register; see Final Source Register,Build/publish,ArtifactVersion/BuildInput,"VibeFlow is authoritative for ArtifactVersion/BuildInput state/policy; external IDs are references, never the source of VibeFlow truth.",OWN,OWN EVIDENCE,Content hashes + provider build,CUSTOM/OWNED,P1,Build artifact provenance + deployment health/rollback + environment isolation,Immutable identity required for verified deployment.
R2V-224,"11 Publishing, deployments and production runtime",Static deployment,Static web hosting.,DOCUMENTED,D,Prior XAPK/docs evidence register; see Final Source Register,Replit cloud,DeploymentProvider static,"External/provider implementation remains authoritative; VibeFlow owns binding, grants, policy, normalized state and evidence for DeploymentProvider static.",BRIDGE,BRIDGE,Cloudflare Pages/Vercel/S3+CDN,VERIFY PER DEPENDENCY,P1,Build artifact provenance + deployment health/rollback + environment isolation,Easy provider adapter.
R2V-225,"11 Publishing, deployments and production runtime",Static headers/routes/rewrites,Static deployments support routing/header configuration.,DOCUMENTED,D,Replit Docs index: static routes/headers,Publishing configuration,Static Hosting Config,"External/provider implementation remains authoritative; VibeFlow owns binding, grants, policy, normalized state and evidence for Static Hosting Config.",BRIDGE,BRIDGE,Provider-neutral routes/headers schema,VERIFY PER DEPENDENCY,P1,Build artifact provenance + deployment health/rollback + environment isolation,Portable subset with provider extensions.
R2V-226,"12 Security, verification and evidence",Agent remediation from vulnerability finding,Security findings can launch an Agent task and return for review/republish.,DOCUMENTED,D,Replit Workspace Security Center 2.0,Security + task services,Finding -> Task lineage,"VibeFlow is authoritative for Finding -> Task lineage state/policy; external IDs are references, never the source of VibeFlow truth.",OWN,OWN,Task/evidence graph,CUSTOM/OWNED,P1,Independent scanner/test evidence + policy gate + tamper-resistant provenance,Important closed-loop pattern.
R2V-227,"12 Security, verification and evidence",Approval gates,Replit asks confirmation in plans/tools/publishing; exact universal policy system private.,UNKNOWN/PRIVATE,D+U,Prior XAPK/docs evidence register; see Final Source Register,Multiple planes,Approval,"VibeFlow is authoritative for Approval state/policy; external IDs are references, never the source of VibeFlow truth.",OWN,OWN,Risk/policy engine,CUSTOM/OWNED,P1,Independent scanner/test evidence + policy gate + tamper-resistant provenance,One normalized approval model across agent/tool/deploy/data actions.
R2V-228,"12 Security, verification and evidence",Build/test verification,Agent tests work; VibeFlow should make result authoritative through policy.,INFERRED/ARCHITECTURAL,D+Design,Prior XAPK/docs evidence register; see Final Source Register,Agent/workspace,VerificationRun,"VibeFlow is authoritative for VerificationRun state/policy; external IDs are references, never the source of VibeFlow truth.",OWN,OWN STRONGER,Playwright + unit/build/typecheck,Apache-2.0,P0,Independent scanner/test evidence + policy gate + tamper-resistant provenance,Verified completion is VibeFlow differentiator.
R2V-229,"12 Security, verification and evidence",Client telemetry query-string scrubbing,Compiled client contains URL query scrubbing before telemetry.,PACKAGE-PROVEN,P-HBC,Hermes: security cluster,Mobile telemetry security,Telemetry Redaction Policy,"VibeFlow is authoritative for Telemetry Redaction Policy state/policy; external IDs are references, never the source of VibeFlow truth.",OWN,OWN,OTel processors/redaction rules,Apache-2.0,P1,Independent scanner/test evidence + policy gate + tamper-resistant provenance,Never leak OAuth codes/keys via traces.
R2V-230,"12 Security, verification and evidence",CVE auto-protect,"Detect critical CVE, prepare background Agent patch, test and notify; publish requires approval.",DOCUMENTED,D,Prior XAPK/docs evidence register; see Final Source Register,Security+Agent,VulnerabilityRemediationWorkflow,"VibeFlow is authoritative for VulnerabilityRemediationWorkflow state/policy; external IDs are references, never the source of VibeFlow truth.",OWN,OWN ORCHESTRATION,OSV + Agent + verification,CUSTOM/OWNED,P1,Independent scanner/test evidence + policy gate + tamper-resistant provenance,Excellent closed-loop pattern.
R2V-231,"12 Security, verification and evidence",CVE Auto-Protect background patch preparation,Critical CVEs can trigger background Agent patch preparation/testing without auto-publish.,DOCUMENTED,D,Replit Apr 24 2026 changelog,Security automation,Security-triggered Recovery Task,"VibeFlow is authoritative for Security-triggered Recovery Task state/policy; external IDs are references, never the source of VibeFlow truth.",OWN,OWN POLICY,Vuln feed + task scheduler + verification,CUSTOM/OWNED,P1,Independent scanner/test evidence + policy gate + tamper-resistant provenance,Keep approval before production mutation.
R2V-232,"12 Security, verification and evidence",Dependency CVE inventory by workspace,Workspace Security Center aggregates vulnerabilities across projects.,DOCUMENTED,D,Replit Workspace Security Center 2.0,Security platform,Org Vulnerability Inventory,"VibeFlow is authoritative for Org Vulnerability Inventory state/policy; external IDs are references, never the source of VibeFlow truth.",OWN,OWN+ADOPT,OSV/Trivy + control-plane index,Apache-2.0,P0,Independent scanner/test evidence + policy gate + tamper-resistant provenance,Useful cross-project risk authority.
R2V-233,"12 Security, verification and evidence",Evidence chain,Replit has findings/checkpoints/logs but no public claim equivalent to VibeFlow proof-of-completion model.,INFERRED/ARCHITECTURAL,I,Prior XAPK/docs evidence register; see Final Source Register,Distributed,Evidence,"VibeFlow is authoritative for Evidence state/policy; external IDs are references, never the source of VibeFlow truth.",OWN,OWN DIFFERENTIATOR,Content-addressed evidence graph,CUSTOM/OWNED,P1,Independent scanner/test evidence + policy gate + tamper-resistant provenance,Agent says done -> VibeFlow proves policy satisfied.
R2V-234,"12 Security, verification and evidence",HoundDog privacy scan,Documented sensitive-data exposure scanner.,DOCUMENTED,D,Prior XAPK/docs evidence register; see Final Source Register,Security,PrivacyFinding,Adopt commodity/open mechanism; VibeFlow stores only product-level metadata/policy for PrivacyFinding.,BRIDGE,ADOPT/OUTSOURCE,HoundDog or alternate scanner,VERIFY PER DEPENDENCY,P1,Independent scanner/test evidence + policy gate + tamper-resistant provenance,Optional external tool.
R2V-235,"12 Security, verification and evidence",Package Firewall,Replit documents a package firewall/security control for dependency access.,DOCUMENTED,D,Replit Docs index: Package Firewall,Security platform,Package Provenance Gate,"External/provider implementation remains authoritative; VibeFlow owns binding, grants, policy, normalized state and evidence for Package Provenance Gate.",BRIDGE,ADOPT/BRIDGE,Registry proxy + OSV/allowlists,VERIFY PER DEPENDENCY,P1,Independent scanner/test evidence + policy gate + tamper-resistant provenance,Supply-chain policy should be independently enforceable.
R2V-236,"12 Security, verification and evidence",Project Security Center,Per-project vulnerability findings/remediation.,DOCUMENTED,D,Prior XAPK/docs evidence register; see Final Source Register,Security service,SecurityFindings,"VibeFlow is authoritative for SecurityFindings state/policy; external IDs are references, never the source of VibeFlow truth.",OWN,OWN NORMALIZATION,Trivy/OSV/Semgrep/Gitleaks/etc.,Apache-2.0; MIT,P0,Independent scanner/test evidence + policy gate + tamper-resistant provenance,Store normalized findings and evidence.
R2V-237,"12 Security, verification and evidence",Rooted-device risk signal is non-authoritative,Client contains rooted-device checks as telemetry/risk signal.,PACKAGE-PROVEN,P-HBC,Hermes: security cluster,Mobile security,DeviceRiskEvidence,Not a greenfield core authority; no foundational dependency on this capability.,DEFER,DEFER,Platform integrity APIs,CUSTOM/OWNED,P0,Independent scanner/test evidence + policy gate + tamper-resistant provenance,"Risk signal may influence approval, never replace server authorization."
R2V-238,"12 Security, verification and evidence",SBOM export,Workspace Security Center supports SBOM download.,DOCUMENTED,D,Prior XAPK/docs evidence register; see Final Source Register,Security/compliance,SBOMEvidence,Adopt commodity/open mechanism; VibeFlow stores only product-level metadata/policy for SBOMEvidence.,ADOPT,ADOPT,Syft/CycloneDX,VERIFY PER DEPENDENCY,P1,Independent scanner/test evidence + policy gate + tamper-resistant provenance,Attach to releases.
R2V-239,"12 Security, verification and evidence",Secret-scan / sensitive data prevention,Client and platform security surfaces imply prevention/detection of exposed credentials.,CORROBORATED,P+D,APK telemetry/security strings; Replit security docs,Security platform,Secret Verification Check,Adopt commodity/open mechanism; VibeFlow stores only product-level metadata/policy for Secret Verification Check.,ADOPT,ADOPT,Gitleaks/TruffleHog-compatible adapter,MIT,P0,Independent scanner/test evidence + policy gate + tamper-resistant provenance,Treat secret detection as independent evidence.
R2V-240,"12 Security, verification and evidence",Security Agent,"Threat model, routes/data flows, static analysis, exploitability triage, parallel fixes.",DOCUMENTED,D,Prior XAPK/docs evidence register; see Final Source Register,Security Agent,SecurityReviewTask,"External/provider implementation remains authoritative; VibeFlow owns binding, grants, policy, normalized state and evidence for SecurityReviewTask.",BRIDGE,BRIDGE+VERIFY,Agent + scanners,VERIFY PER DEPENDENCY,P1,Independent scanner/test evidence + policy gate + tamper-resistant provenance,Agent interpretation should not replace deterministic scanner evidence.
R2V-241,"12 Security, verification and evidence",Semgrep static analysis,Documented scanner used by Security Agent.,DOCUMENTED,D,Prior XAPK/docs evidence register; see Final Source Register,Security,SAST evidence,Adopt commodity/open mechanism; VibeFlow stores only product-level metadata/policy for SAST evidence.,ADOPT,ADOPT,Semgrep Community rules/licensing review,VERIFY PER DEPENDENCY,P1,Independent scanner/test evidence + policy gate + tamper-resistant provenance,Scanner adapter; verify current licensing for desired rule sets.
R2V-242,"12 Security, verification and evidence",Unpublish high-exposure vulnerable application,Workspace security admins can remove exposure as a response action.,DOCUMENTED,D,Replit Workspace Security Center 2.0,Security/publishing policy,Emergency Deployment Quarantine,"VibeFlow is authoritative for Emergency Deployment Quarantine state/policy; external IDs are references, never the source of VibeFlow truth.",BRIDGE,OWN POLICY+BRIDGE,Deployment adapter revoke/unpublish,CUSTOM/OWNED,P1,Independent scanner/test evidence + policy gate + tamper-resistant provenance,High-impact action requires auditable authorization.
R2V-243,"12 Security, verification and evidence",Visual verification/screenshots,Screenshots/visual context are present in client and useful for app testing.,PACKAGE-PROVEN,P,Prior XAPK/docs evidence register; see Final Source Register,Agent/workspace,VisualEvidence,"VibeFlow is authoritative for VisualEvidence state/policy; external IDs are references, never the source of VibeFlow truth.",OWN,OWN NORMALIZATION,Playwright/device screenshot,Apache-2.0,P3,Independent scanner/test evidence + policy gate + tamper-resistant provenance,Evidence artifact with timestamp/revision.
R2V-244,"12 Security, verification and evidence",Workspace Security Center,Aggregate/project-wide risk and remediation.,DOCUMENTED,D,Prior XAPK/docs evidence register; see Final Source Register,Org security,SecurityPortfolio,Not a greenfield core authority; no foundational dependency on this capability.,DEFER,DEFER,Findings DB + UI,CUSTOM/OWNED,P0,Independent scanner/test evidence + policy gate + tamper-resistant provenance,Enterprise/admin layer after project assurance works.
R2V-245,"13 Observability, analytics and incident response",Analytics/experiments,Statsig/product analytics signals in bundle.,PACKAGE-PROVEN,P,Prior XAPK/docs evidence register; see Final Source Register,Growth/product analytics,ProductEvent/FeatureFlag,Not a greenfield core authority; no foundational dependency on this capability.,DEFER,DEFER,GrowthBook/basic first-party analytics,CUSTOM/OWNED,P1,OTel correlation/redaction + alert-to-task lineage tests,Avoid telemetry clutter before product foundation.
R2V-246,"13 Observability, analytics and incident response",Application analytics,Requests/top URLs/status/duration reporting.,DOCUMENTED,D,Prior XAPK/docs evidence register; see Final Source Register,Operations analytics,ServiceMetrics,"External/provider implementation remains authoritative; VibeFlow owns binding, grants, policy, normalized state and evidence for ServiceMetrics.",BRIDGE,BRIDGE,OTel metrics/traces,Apache-2.0,P1,OTel correlation/redaction + alert-to-task lineage tests,"Normalize operational metrics, not provider dashboard clones."
R2V-247,"13 Observability, analytics and incident response",Application monitoring,Published app uptime monitoring and alerts.,DOCUMENTED,D,Prior XAPK/docs evidence register; see Final Source Register,Operations,HealthCheck,"External/provider implementation remains authoritative; VibeFlow owns binding, grants, policy, normalized state and evidence for HealthCheck.",BRIDGE,BRIDGE,Provider health + OTel,Apache-2.0,P1,OTel correlation/redaction + alert-to-task lineage tests,Deployment adapter supplies normalized health.
R2V-248,"13 Observability, analytics and incident response",AppsFlyer attribution/purchase tracking,Compiled client/app config integrates AppsFlyer including purchase tracking.,PACKAGE-PROVEN,P-HBC+CONFIG,APK config; Hermes billing cluster,Growth telemetry,Attribution Adapter,Not a greenfield core authority; no foundational dependency on this capability.,REJECT/OMIT,OMIT EARLY,Optional attribution provider,CUSTOM/OWNED,P1,OTel correlation/redaction + alert-to-task lineage tests,Commercial-growth telemetry only.
R2V-249,"13 Observability, analytics and incident response",Bridge/WebView error capture,Dedicated WebView error handling/perf paths.,PACKAGE-PROVEN,P,Prior XAPK/docs evidence register; see Final Source Register,Client reliability,Bridge/WebView telemetry,"VibeFlow is authoritative for Bridge/WebView telemetry state/policy; external IDs are references, never the source of VibeFlow truth.",OWN,OWN TAGS,OpenTelemetry spans/events,Apache-2.0,P1,OTel correlation/redaction + alert-to-task lineage tests,Critical for hybrid architecture.
R2V-250,"13 Observability, analytics and incident response",Cross-resource correlation,Replit implementation details private.,UNKNOWN/PRIVATE,U,Prior XAPK/docs evidence register; see Final Source Register,Private,TraceCorrelation,"VibeFlow is authoritative for TraceCorrelation state/policy; external IDs are references, never the source of VibeFlow truth.",OWN,OWN,OpenTelemetry attributes,Apache-2.0,P1,OTel correlation/redaction + alert-to-task lineage tests,project_id/task_id/execution_id/workspace_id/deployment_id/evidence_id.
R2V-251,"13 Observability, analytics and incident response",Datadog mobile RUM integration,Compiled client contains Datadog mobile RUM/performance hooks.,PACKAGE-PROVEN,P-HBC,Hermes: telemetry cluster,Mobile telemetry,Client OTel/RUM Exporter,Adopt commodity/open mechanism; VibeFlow stores only product-level metadata/policy for Client OTel/RUM Exporter.,ADOPT,ADOPT,OpenTelemetry + optional Datadog exporter,MIT; Apache-2.0,P1,OTel correlation/redaction + alert-to-task lineage tests,Own semantic correlation; exporter is replaceable.
R2V-252,"13 Observability, analytics and incident response",Investigate downtime with Agent,"Background task pulls affected windows, logs/code and proposes fix.",DOCUMENTED,D,Prior XAPK/docs evidence register; see Final Source Register,Agent+operations,IncidentTask,"VibeFlow is authoritative for IncidentTask state/policy; external IDs are references, never the source of VibeFlow truth.",OWN,OWN ORCHESTRATION,Agent + log/trace adapters,CUSTOM/OWNED,P1,OTel correlation/redaction + alert-to-task lineage tests,Strong VibeFlow Observe -> Diagnose -> Patch -> Verify -> Redeploy loop.
R2V-253,"13 Observability, analytics and incident response",Mobile crash/error telemetry,Sentry client stack in APK.,PACKAGE-PROVEN,P,Prior XAPK/docs evidence register; see Final Source Register,Mobile telemetry,ClientErrorEvent,Adopt commodity/open mechanism; VibeFlow stores only product-level metadata/policy for ClientErrorEvent.,ADOPT,ADOPT,OpenTelemetry + optional Sentry,Apache-2.0,P1,OTel correlation/redaction + alert-to-task lineage tests,Portable OTel baseline.
R2V-254,"13 Observability, analytics and incident response",Mobile RUM/performance,Datadog RUM stack appears in package.,PACKAGE-PROVEN,P,Prior XAPK/docs evidence register; see Final Source Register,Mobile telemetry,ClientPerformanceEvent,Adopt commodity/open mechanism; VibeFlow stores only product-level metadata/policy for ClientPerformanceEvent.,ADOPT,ADOPT,OTel mobile + optional vendor,Apache-2.0,P1,OTel correlation/redaction + alert-to-task lineage tests,Keep vendor optional.
R2V-255,"13 Observability, analytics and incident response",Monitoring-to-Agent remediation,Production monitoring can be used to investigate/fix incidents with Agent.,DOCUMENTED,D,Replit Docs: monitoring; security changelogs,Observability + Agent,Incident -> Task -> Verification Loop,"VibeFlow is authoritative for Incident -> Task -> Verification Loop state/policy; external IDs are references, never the source of VibeFlow truth.",OWN,OWN,OTel alerts + task scheduler,Apache-2.0,P1,OTel correlation/redaction + alert-to-task lineage tests,Key closed-loop capability with explicit verification before release.
R2V-256,"13 Observability, analytics and incident response",Production logs,Agent and users can inspect deployment logs.,DOCUMENTED,D,Prior XAPK/docs evidence register; see Final Source Register,Operations,LogSourceBinding,"External/provider implementation remains authoritative; VibeFlow owns binding, grants, policy, normalized state and evidence for LogSourceBinding.",BRIDGE,BRIDGE,OTel/log provider APIs,Apache-2.0,P1,OTel correlation/redaction + alert-to-task lineage tests,"Use scoped, read-only diagnostic grants."
R2V-257,"13 Observability, analytics and incident response",Sentry error/tracing integration,Compiled client contains Sentry links/instrumentation and native Sentry libraries.,PACKAGE-PROVEN,P-HBC+NATIVE,Hermes security cluster; native libs,Mobile/web telemetry,Error/Trace Exporter,Adopt commodity/open mechanism; VibeFlow stores only product-level metadata/policy for Error/Trace Exporter.,ADOPT,ADOPT,OpenTelemetry + optional Sentry exporter,MIT; Apache-2.0,P1,OTel correlation/redaction + alert-to-task lineage tests,Avoid making Sentry data model authoritative.
R2V-258,"13 Observability, analytics and incident response",Statsig feature/experiment targeting,Compiled bundle contains Statsig user/experiment indicators.,PACKAGE-PROVEN,P-HBC,Hermes semantic flags; StatsigUserDocument,Experiment platform,Feature Flag Provider,"External/provider implementation remains authoritative; VibeFlow owns binding, grants, policy, normalized state and evidence for Feature Flag Provider.",BRIDGE,ADOPT/BRIDGE,OpenFeature + provider,Apache-2.0,P1,OTel correlation/redaction + alert-to-task lineage tests,Use standard flag abstraction where possible.
R2V-259,"14 Design, visual creation and artifact composition",Animation/video artifact,Current Project Editor supports non-code artifacts.,DOCUMENTED,D,Prior XAPK/docs evidence register; see Final Source Register,Artifact system,ArtifactType: media,Not a greenfield core authority; no foundational dependency on this capability.,DEFER,DEFER,External tool/provider,CUSTOM/OWNED,P2,Artifact lineage + deterministic edit/source mapping + visual regression,Architecture should not assume artifact=repository.
R2V-260,"14 Design, visual creation and artifact composition",Apply design changes back to app,Selected design changes can be applied to application source through Agent.,DOCUMENTED,D,Replit Docs: Canvas,Design + Agent + workspace,Design-to-Code Task,"VibeFlow is authoritative for Design-to-Code Task state/policy; external IDs are references, never the source of VibeFlow truth.",OWN,OWN ORCHESTRATION,Agent task with selected artifact refs,CUSTOM/OWNED,P2,Artifact lineage + deterministic edit/source mapping + visual regression,Must become a normal verified code mutation task.
R2V-261,"14 Design, visual creation and artifact composition",Canvas / visual board,"Infinite board for artifacts, designs, previews and Agent interaction.",DOCUMENTED,D,Prior XAPK/docs evidence register; see Final Source Register,Replit design system,Artifact Board (later),Not a greenfield core authority; no foundational dependency on this capability.,DEFER,DEFER,Excalidraw/Konva/React Flow primitives,CUSTOM/OWNED,P2,Artifact lineage + deterministic edit/source mapping + visual regression,Valuable but not MVP control-plane core.
R2V-262,"14 Design, visual creation and artifact composition",Canvas annotations/shapes/sticky notes,Users can sketch and annotate design intent visually.,DOCUMENTED,D,Replit Docs: Canvas,Design plane,Design Annotation Artifact,Not a greenfield core authority; no foundational dependency on this capability.,DEFER,DEFER,Canvas primitives,CUSTOM/OWNED,P2,Artifact lineage + deterministic edit/source mapping + visual regression,"Potential Agent context/evidence, not core workspace."
R2V-263,"14 Design, visual creation and artifact composition",Canvas frames,Artifacts/designs are presented as frames that can be moved/resized/compared.,DOCUMENTED,D,Replit Docs: Canvas,Design plane,Artifact Frame,Not a greenfield core authority; no foundational dependency on this capability.,DEFER,DEFER,Custom canvas frame model,CUSTOM/OWNED,P2,Artifact lineage + deterministic edit/source mapping + visual regression,"Frame is presentation of Artifact, not the Artifact authority."
R2V-264,"14 Design, visual creation and artifact composition",Design artifact,Canvas/design frame artifact.,DOCUMENTED,D,Prior XAPK/docs evidence register; see Final Source Register,Artifact system,ArtifactType: design,Not a greenfield core authority; no foundational dependency on this capability.,DEFER,DEFER,Canvas primitives,CUSTOM/OWNED,P2,Artifact lineage + deterministic edit/source mapping + visual regression,"Model now, implement later."
R2V-265,"14 Design, visual creation and artifact composition",Detached design mockup frame,Design frame is explicitly separate from live app/backend until applied.,DOCUMENTED,D,Replit Docs: Canvas,Design plane,DesignArtifact,"VibeFlow is authoritative for DesignArtifact state/policy; external IDs are references, never the source of VibeFlow truth.",OWN,OWN LATER,Design artifact schema,CUSTOM/OWNED,P2,Artifact lineage + deterministic edit/source mapping + visual regression,Critical separation: design state != runtime state.
R2V-266,"14 Design, visual creation and artifact composition",Deterministic Visual Editor changes,Simple text/color/spacing changes mutate source directly without Agent.,DOCUMENTED,D,Replit Docs: Visual Editor,Visual editor,Deterministic Source Transformation,Not a greenfield core authority; no foundational dependency on this capability.,DEFER,DEFER,AST/CSS/DOM mapping engine,CUSTOM/OWNED,P2,Artifact lineage + deterministic edit/source mapping + visual regression,Useful only with reliable source↔render element mapping.
R2V-267,"14 Design, visual creation and artifact composition",Figma design import and Figma MCP paths,Figma can enter Replit through import flow or live MCP context.,DOCUMENTED,D,Replit Docs: Canvas; Figma MCP,Design import/integration,Design Provider Binding,"External/provider implementation remains authoritative; VibeFlow owns binding, grants, policy, normalized state and evidence for Design Provider Binding.",BRIDGE,BRIDGE,Figma API/MCP,MIT,P2,Artifact lineage + deterministic edit/source mapping + visual regression,Keep import artifact and live tool connection distinct.
R2V-268,"14 Design, visual creation and artifact composition",Generate multiple design alternatives,Agent can create side-by-side design directions for comparison.,DOCUMENTED,D,Replit Docs: Canvas,Agent + Design,Artifact Variant Set,Not a greenfield core authority; no foundational dependency on this capability.,DEFER,DEFER,Agent task + artifact graph,CUSTOM/OWNED,P2,Artifact lineage + deterministic edit/source mapping + visual regression,Treat variants as immutable artifacts with lineage.
R2V-269,"14 Design, visual creation and artifact composition",Infinite Design Canvas,"Canvas is an infinite visual board for live apps, designs, media and notes.",DOCUMENTED,D,Replit Docs: Canvas,Design plane,Artifact Canvas,Not a greenfield core authority; no foundational dependency on this capability.,DEFER,DEFER,tldraw/Konva/React Flow + custom artifact graph,license review / commercial terms may apply,P2,Artifact lineage + deterministic edit/source mapping + visual regression,Useful later; typed artifact graph is prerequisite.
R2V-270,"14 Design, visual creation and artifact composition",Live app preview frame on Canvas,Running application can appear interactively beside design mockups.,DOCUMENTED,D,Replit Docs: Canvas,Design + preview plane,Preview Artifact Frame,Not a greenfield core authority; no foundational dependency on this capability.,DEFER,DEFER,PreviewEndpoint embedded in Canvas,CUSTOM/OWNED,P2,Artifact lineage + deterministic edit/source mapping + visual regression,Bridge preview provider into visual board.
R2V-271,"14 Design, visual creation and artifact composition",Map multi-screen user flows,Canvas arranges multiple frames to represent journeys/flows.,DOCUMENTED,D,Replit Docs: Canvas,Design plane,Artifact Relationship Graph,Not a greenfield core authority; no foundational dependency on this capability.,DEFER,DEFER,Graph edges over artifacts,CUSTOM/OWNED,P2,Artifact lineage + deterministic edit/source mapping + visual regression,Artifact graph already supports this naturally.
R2V-272,"14 Design, visual creation and artifact composition",Multiple responsive device-size variants,Canvas can show mobile/tablet/desktop frame variants.,DOCUMENTED,D,Replit Docs: Canvas,Design plane,Viewport Variant,Not a greenfield core authority; no foundational dependency on this capability.,DEFER,DEFER,Responsive preview presets,CUSTOM/OWNED,P2,Artifact lineage + deterministic edit/source mapping + visual regression,Useful validation artifact.
R2V-273,"14 Design, visual creation and artifact composition",PNG export from design frame,Canvas frame can be exported as PNG for sharing/reference.,DOCUMENTED,D,Replit Docs: Canvas,Design plane,Artifact Export,Adopt commodity/open mechanism; VibeFlow stores only product-level metadata/policy for Artifact Export.,ADOPT,ADOPT,Browser rendering/screenshot,VERIFY PER DEPENDENCY,P2,Artifact lineage + deterministic edit/source mapping + visual regression,Commodity export.
R2V-274,"14 Design, visual creation and artifact composition",Slides artifact,Agent can create/publish/export slide decks.,DOCUMENTED,D,Prior XAPK/docs evidence register; see Final Source Register,Artifact system,ArtifactType: slides,Not a greenfield core authority; no foundational dependency on this capability.,DEFER,DEFER,LibreOffice/PPTX tooling,CUSTOM/OWNED,P2,Artifact lineage + deterministic edit/source mapping + visual regression,Non-core but artifact model should permit it.
R2V-275,"14 Design, visual creation and artifact composition",Visual Editor,Deterministic visual edits with Agent handoff for complex changes.,DOCUMENTED,D,Prior XAPK/docs evidence register; see Final Source Register,Replit visual editor,Deterministic UI edit adapter,Not a greenfield core authority; no foundational dependency on this capability.,DEFER,DEFER,DOM/AST transforms + Agent fallback,CUSTOM/OWNED,P2,Artifact lineage + deterministic edit/source mapping + visual regression,Interesting differentiator after workspace foundation.
R2V-276,"14 Design, visual creation and artifact composition",Visual Editor Agent fallback,Complex visual edits hand off targeted context to Agent.,DOCUMENTED,D,Replit Docs: Visual Editor,Visual editor + Agent,VisualEdit -> Task Handoff,Not a greenfield core authority; no foundational dependency on this capability.,DEFER,DEFER,Metadata selection + coding agent,CUSTOM/OWNED,P2,Artifact lineage + deterministic edit/source mapping + visual regression,Preserve selected element/source provenance.
R2V-277,"14 Design, visual creation and artifact composition",Visual element to source-code navigation,Selected visual element can jump to corresponding source location.,DOCUMENTED,D,Replit Docs: Visual Editor,Visual editor,Render-to-Source Mapping,Not a greenfield core authority; no foundational dependency on this capability.,DEFER,DEFER,Source maps/framework instrumentation,CUSTOM/OWNED,P2,Artifact lineage + deterministic edit/source mapping + visual regression,Powerful but framework-dependent.
R2V-278,"15 Mobile artifact creation, testing and release",App Store guided publishing,"Replit embeds Expo launch, configures certs, cloud builds and submits to App Store Connect.",DOCUMENTED,D,Prior XAPK/docs evidence register; see Final Source Register,Mobile release,MobileStoreDeployment,"External/provider implementation remains authoritative; VibeFlow owns binding, grants, policy, normalized state and evidence for MobileStoreDeployment.",BRIDGE,BRIDGE,Expo EAS/Fastlane/Apple APIs,EXTERNAL/PLATFORM - commercial terms apply,P2,Real device/build/sign/store evidence where platform permits,Provider workflow; VibeFlow controls evidence/status.
R2V-279,"15 Mobile artifact creation, testing and release",Contacts API integration for generated apps,Generated mobile apps can use device contacts.,DOCUMENTED,D,Replit Docs index: contacts,Generated app tooling,Mobile Capability Recipe,"External/provider implementation remains authoritative; VibeFlow owns binding, grants, policy, normalized state and evidence for Mobile Capability Recipe.",BRIDGE,BRIDGE,Expo Contacts,MIT,P2,Real device/build/sign/store evidence where platform permits,Permission-aware app feature.
R2V-280,"15 Mobile artifact creation, testing and release",Device camera API integration for generated apps,Replit documents adding native camera functionality to generated mobile apps.,DOCUMENTED,D,Replit Docs index: camera,Generated app tooling,Mobile Capability Recipe,"External/provider implementation remains authoritative; VibeFlow owns binding, grants, policy, normalized state and evidence for Mobile Capability Recipe.",BRIDGE,BRIDGE,Expo Camera,MIT,P2,Real device/build/sign/store evidence where platform permits,Agent skill/template rather than control-plane primitive.
R2V-281,"15 Mobile artifact creation, testing and release",Expo Go preview,QR/device preview.,DOCUMENTED,D,Prior XAPK/docs evidence register; see Final Source Register,Mobile app toolchain,MobilePreview,"External/provider implementation remains authoritative; VibeFlow owns binding, grants, policy, normalized state and evidence for MobilePreview.",BRIDGE,BRIDGE,Expo,MIT,P2,Real device/build/sign/store evidence where platform permits,External developer toolchain.
R2V-282,"15 Mobile artifact creation, testing and release",Google Play internal testing flow,Guided Android path supports Play Console internal testing before release.,DOCUMENTED,D,Replit Docs index: Google Play internal testing,Mobile release plane,Android Release Adapter,Platform rail remains authoritative; VibeFlow records intent/status/evidence for Android Release Adapter.,EXTERNAL,EXTERNAL,Google Play/EAS,EXTERNAL/PLATFORM - commercial terms apply,P2,Real device/build/sign/store evidence where platform permits,External platform rail.
R2V-283,"15 Mobile artifact creation, testing and release",Google Play release,Platform path exists conceptually; exact latest guided parity should be verified per release.,INFERRED/ARCHITECTURAL,D/I,Prior XAPK/docs evidence register; see Final Source Register,Mobile release,MobileStoreDeployment(Android),"External/provider implementation remains authoritative; VibeFlow owns binding, grants, policy, normalized state and evidence for MobileStoreDeployment(Android).",BRIDGE,BRIDGE,Gradle/Fastlane/Play API,VERIFY PER DEPENDENCY,P2,Real device/build/sign/store evidence where platform permits,Treat as capability-discovered provider flow.
R2V-284,"15 Mobile artifact creation, testing and release",Haptics/native components for generated apps,Mobile guides expose platform haptics/native component usage.,DOCUMENTED,D,Replit Docs index: haptics/native components,Generated app tooling,Mobile UX Capability Recipe,"External/provider implementation remains authoritative; VibeFlow owns binding, grants, policy, normalized state and evidence for Mobile UX Capability Recipe.",BRIDGE,BRIDGE,Expo Haptics/native APIs,MIT,P2,Real device/build/sign/store evidence where platform permits,Template/skill territory.
R2V-285,"15 Mobile artifact creation, testing and release",iOS simulator/Android emulator,Remote simulator/emulator testing supported.,DOCUMENTED,D,Prior XAPK/docs evidence register; see Final Source Register,Workspace infrastructure,DeviceEmulatorCapability,"External/provider implementation remains authoritative; VibeFlow owns binding, grants, policy, normalized state and evidence for DeviceEmulatorCapability.",BRIDGE,BRIDGE,Android Emulator; macOS/Xcode provider for iOS,VERIFY PER DEPENDENCY,P2,Real device/build/sign/store evidence where platform permits,iOS requires Apple infrastructure.
R2V-286,"15 Mobile artifact creation, testing and release",Mobile artifact type selection,Create surface can directly start a mobile application artifact.,DOCUMENTED,D,Replit Docs: Build Welcome/mobile quickstart,Artifact system,MobileApp Artifact,"VibeFlow is authoritative for MobileApp Artifact state/policy; external IDs are references, never the source of VibeFlow truth.",OWN,OWN TYPE,React Native/Expo project template metadata,MIT,P2,Real device/build/sign/store evidence where platform permits,Artifact type should not imply Replit-owned runtime.
R2V-287,"15 Mobile artifact creation, testing and release",Push notifications for generated apps,Generated apps can integrate native push notifications.,DOCUMENTED,D,Replit Docs index: push notifications,Generated app tooling,App Notification Capability,"External/provider implementation remains authoritative; VibeFlow owns binding, grants, policy, normalized state and evidence for App Notification Capability.",BRIDGE,BRIDGE,Expo Notifications/APNs/FCM,MIT,P2,Real device/build/sign/store evidence where platform permits,Different from VibeFlow control-plane notifications.
R2V-288,"15 Mobile artifact creation, testing and release",React Native app generation,Agent creates mobile apps.,DOCUMENTED,D,Prior XAPK/docs evidence register; see Final Source Register,Agent/workspace,MobileArtifact,"External/provider implementation remains authoritative; VibeFlow owns binding, grants, policy, normalized state and evidence for MobileArtifact.",BRIDGE,BRIDGE,Expo/React Native,MIT,P2,Real device/build/sign/store evidence where platform permits,Workspace/project template capability.
R2V-289,"15 Mobile artifact creation, testing and release",RevenueCat mobile monetization integration,Mobile apps can use RevenueCat for in-app monetization.,DOCUMENTED,D,Replit Docs index: RevenueCat,App monetization integration,App Monetization Adapter,"External/provider implementation remains authoritative; VibeFlow owns binding, grants, policy, normalized state and evidence for App Monetization Adapter.",BRIDGE,BRIDGE,RevenueCat,VERIFY PER DEPENDENCY,P2,Real device/build/sign/store evidence where platform permits,Separate customer app commerce from VibeFlow subscription.
R2V-290,"15 Mobile artifact creation, testing and release",Store screenshots/icon generation,Mobile release workflow includes store-facing assets such as screenshots/icons.,DOCUMENTED,D,Replit Docs index: app icons/store screenshots,Mobile release plane,Store Listing Artifact,Not a greenfield core authority; no foundational dependency on this capability.,DEFER,DEFER,Screenshot automation + asset generator,CUSTOM/OWNED,P2,Real device/build/sign/store evidence where platform permits,Treat as artifacts/evidence.
R2V-291,"15 Mobile artifact creation, testing and release",TestFlight release flow,Guided iOS path covers signing/upload/testing through TestFlight.,DOCUMENTED,D,Replit Docs index: TestFlight,Mobile release plane,iOS Release Adapter,Platform rail remains authoritative; VibeFlow records intent/status/evidence for iOS Release Adapter.,EXTERNAL,EXTERNAL,Apple App Store Connect/EAS,EXTERNAL/PLATFORM - commercial terms apply,P2,Real device/build/sign/store evidence where platform permits,No honest OSS substitute for Apple signing/store rails.
R2V-292,"16 Automations, triggers and long-running services",Retry/error state for long-running automation,Automation needs observable durable status/retry behavior.,INFERRED/ARCHITECTURAL,I+D,Replit automation docs/current product model,Automation runtime,Durable Automation Execution,"VibeFlow is authoritative for Durable Automation Execution state/policy; external IDs are references, never the source of VibeFlow truth.",OWN,OWN,Temporal/PostgreSQL job state,MIT; PostgreSQL License,P2,Durable trigger idempotency/retry/cancellation tests,Do not rely on mobile connection or in-memory process.
R2V-293,"16 Automations, triggers and long-running services",Scheduled automations,Replit supports scheduled deployments/automation.,DOCUMENTED,D,Prior XAPK/docs evidence register; see Final Source Register,Automation,UserAutomation,"External/provider implementation remains authoritative; VibeFlow owns binding, grants, policy, normalized state and evidence for UserAutomation.",BRIDGE,BRIDGE,Temporal/provider scheduler,MIT,P2,Durable trigger idempotency/retry/cancellation tests,Separate from internal VibeFlow orchestration.
R2V-294,"16 Automations, triggers and long-running services",Scheduled deployment as automation primitive,Production code can run on a schedule without permanent server.,DOCUMENTED,D,Replit Docs: Deployments,Publishing/runtime,Schedule Trigger -> Deployment,"External/provider implementation remains authoritative; VibeFlow owns binding, grants, policy, normalized state and evidence for Schedule Trigger -> Deployment.",BRIDGE,BRIDGE,Deployment provider cron/scheduler,VERIFY PER DEPENDENCY,P2,Durable trigger idempotency/retry/cancellation tests,Differentiate production scheduled app from coding-agent task.
R2V-295,"16 Automations, triggers and long-running services",Slack/Telegram/chat-triggered automations,Automation can be initiated from messaging-service events.,CORROBORATED,P+D,Hermes/source vocabulary; Replit docs index,Automation/integration plane,Event Trigger Adapter,"External/provider implementation remains authoritative; VibeFlow owns binding, grants, policy, normalized state and evidence for Event Trigger Adapter.",BRIDGE,BRIDGE,Webhook/MCP/provider connectors,MIT,P2,Durable trigger idempotency/retry/cancellation tests,Normalize trigger event + grant + execution.
R2V-296,"16 Automations, triggers and long-running services",Webhook/event triggers,Agent/automation ecosystem supports external triggers.,INFERRED/ARCHITECTURAL,D+I,Prior XAPK/docs evidence register; see Final Source Register,Automation,TriggerBinding,Not a greenfield core authority; no foundational dependency on this capability.,DEFER,DEFER,Webhook gateway + Temporal,MIT,P2,Durable trigger idempotency/retry/cancellation tests,Generic later.
R2V-297,17 Collaboration and enterprise governance,Application transfer between users/workspaces,Projects/apps can be transferred across organizational ownership boundaries.,DOCUMENTED,D,Replit Docs index: app transfers,Project authority,Ownership Transfer Workflow,"VibeFlow is authoritative for Ownership Transfer Workflow state/policy; external IDs are references, never the source of VibeFlow truth.",OWN,OWN,Transactional resource transfer + audit,CUSTOM/OWNED,P2,RBAC/collaboration isolation + enterprise audit tests,High-risk authority mutation; explicit approvals.
R2V-298,17 Collaboration and enterprise governance,Custom templates and design systems,Enterprise can distribute organization-specific starting templates/design systems.,DOCUMENTED,D,Replit Docs index: custom templates/custom design systems,Enterprise artifact governance,Org Template/Design Policy,Not a greenfield core authority; no foundational dependency on this capability.,DEFER,DEFER,Template registry/design tokens,CUSTOM/OWNED,P2,RBAC/collaboration isolation + enterprise audit tests,Useful enterprise standardization layer.
R2V-299,17 Collaboration and enterprise governance,Enterprise analytics dashboard,Admins can view organization-level usage/adoption analytics.,DOCUMENTED,D,Replit Docs index: analytics dashboard,Enterprise analytics,Org Usage Dashboard,Not a greenfield core authority; no foundational dependency on this capability.,DEFER,DEFER,Warehouse/OLAP + control-plane metrics,CUSTOM/OWNED,P2,RBAC/collaboration isolation + enterprise audit tests,Commercial/admin feature after core telemetry.
R2V-300,17 Collaboration and enterprise governance,Enterprise connector administration,Admins can centrally enable/manage organization connectors.,DOCUMENTED,D,Replit Docs index: managing connectors,Enterprise integration governance,Org Connection Policy,Not a greenfield core authority; no foundational dependency on this capability.,DEFER,DEFER,Policy engine + connection catalog,CUSTOM/OWNED,P2,RBAC/collaboration isolation + enterprise audit tests,Enterprise control over connection availability.
R2V-301,17 Collaboration and enterprise governance,Enterprise privacy controls,Organization admins can enforce privacy/data behavior.,DOCUMENTED,D,Replit Docs index: privacy settings,Enterprise policy,Org Privacy Policy,Not a greenfield core authority; no foundational dependency on this capability.,DEFER,DEFER,Policy engine,CUSTOM/OWNED,P2,RBAC/collaboration isolation + enterprise audit tests,Must be explicit and auditable.
R2V-302,17 Collaboration and enterprise governance,Per-user/group spend limits,Current enterprise controls include granular budgets.,DOCUMENTED,D,Prior XAPK/docs evidence register; see Final Source Register,Commercial policy,UsagePolicy,Not a greenfield core authority; no foundational dependency on this capability.,DEFER,DEFER,Rules engine,CUSTOM/OWNED,P2,RBAC/collaboration isolation + enterprise audit tests,Useful enterprise feature.
R2V-303,17 Collaboration and enterprise governance,Presence/multiplayer,Realtime collaborative editing/product presence.,DOCUMENTED,D,Prior XAPK/docs evidence register; see Final Source Register,Collaboration,PresenceSession,Not a greenfield core authority; no foundational dependency on this capability.,DEFER,DEFER,Yjs awareness/WebSocket,MIT,P2,RBAC/collaboration isolation + enterprise audit tests,Later feature; security model first.
R2V-304,17 Collaboration and enterprise governance,Project collaborators,Multiple builders work on project.,DOCUMENTED,D,Prior XAPK/docs evidence register; see Final Source Register,Collaboration,ProjectMembership,"VibeFlow is authoritative for ProjectMembership state/policy; external IDs are references, never the source of VibeFlow truth.",OWN,OWN,OpenFGA,Apache-2.0,P2,RBAC/collaboration isolation + enterprise audit tests,Permissions separate from realtime transport.
R2V-305,17 Collaboration and enterprise governance,Project-level invites separate from workspace membership,Access may be granted to a project without broad org membership.,DOCUMENTED,D,Replit Docs index: invite teammates,Authorization service,ProjectGrant,"VibeFlow is authoritative for ProjectGrant state/policy; external IDs are references, never the source of VibeFlow truth.",OWN,OWN,OpenFGA/custom RBAC,Apache-2.0,P2,RBAC/collaboration isolation + enterprise audit tests,Least privilege resource grant.
R2V-306,17 Collaboration and enterprise governance,Real-time co-editing/presence,Multiple builders can work on the same app simultaneously.,DOCUMENTED,D,Replit Docs: Project Editor/Team workspaces,Collaboration plane,Collaboration Provider Capability,"External/provider implementation remains authoritative; VibeFlow owns binding, grants, policy, normalized state and evidence for Collaboration Provider Capability.",BRIDGE,BRIDGE/ADOPT,Yjs/Liveblocks/provider CRDT,MIT,P2,RBAC/collaboration isolation + enterprise audit tests,Do not make VibeFlow control-plane DB the text-collaboration engine.
R2V-307,17 Collaboration and enterprise governance,SAML/SCIM enterprise lifecycle,Enterprise identity/provisioning feature family.,DOCUMENTED,D,Prior XAPK/docs evidence register; see Final Source Register,Enterprise identity,EnterpriseDirectoryBinding,Authority assigned explicitly at implementation time; provider state is never silently promoted to VibeFlow truth.,BRIDGE,OUTSOURCE,WorkOS/Zitadel/etc.,VERIFY PER DEPENDENCY,P2,RBAC/collaboration isolation + enterprise audit tests,Buy commodity enterprise IAM early.
R2V-308,17 Collaboration and enterprise governance,SIEM streaming,Audit logs stream to external systems.,DOCUMENTED,D,Prior XAPK/docs evidence register; see Final Source Register,Audit,AuditSink,"External/provider implementation remains authoritative; VibeFlow owns binding, grants, policy, normalized state and evidence for AuditSink.",BRIDGE,BRIDGE,Webhook/S3/OTel exporters,MIT; Apache-2.0,P2,RBAC/collaboration isolation + enterprise audit tests,"Own event contract, adapter sinks."
R2V-309,17 Collaboration and enterprise governance,Support access/log upload,Mobile has support request/log upload paths.,PACKAGE-PROVEN,P,Prior XAPK/docs evidence register; see Final Source Register,Support,SupportBundle,"VibeFlow is authoritative for SupportBundle state/policy; external IDs are references, never the source of VibeFlow truth.",OWN,OWN THIN,Redacted diagnostic bundle,CUSTOM/OWNED,P2,RBAC/collaboration isolation + enterprise audit tests,Strict redaction and user consent.
R2V-310,17 Collaboration and enterprise governance,Workspace/organization billing scope,Usage tracked/pooled across workspace.,DOCUMENTED,D,Prior XAPK/docs evidence register; see Final Source Register,Commercial tenant,BillingAccount/CostCenter,"VibeFlow is authoritative for BillingAccount/CostCenter state/policy; external IDs are references, never the source of VibeFlow truth.",OWN,OWN,Usage ledger,CUSTOM/OWNED,P2,RBAC/collaboration isolation + enterprise audit tests,Keep account/project/provider cost attribution explicit.
R2V-311,"18 Billing, entitlements and commercial system",Agent usage metering,Client has Agent credit/usage terms; docs show usage-based AI billing.,CORROBORATED,P+D,Prior XAPK/docs evidence register; see Final Source Register,Usage ledger,AgentUsageRecord,"VibeFlow is authoritative for AgentUsageRecord state/policy; external IDs are references, never the source of VibeFlow truth.",OWN,OWN NORMALIZATION,OTel usage events + ledger,Apache-2.0,P2,Ledger/reconciliation/entitlement idempotency + provider receipt evidence,Record provider attribution; BYOK may be billed externally.
R2V-312,"18 Billing, entitlements and commercial system",AppsFlyer attribution,SDK and client paths in bundle.,PACKAGE-PROVEN,P,Prior XAPK/docs evidence register; see Final Source Register,Growth,Attribution,Not a greenfield core authority; no foundational dependency on this capability.,REJECT/OMIT,OMIT EARLY,First-party UTM/install refs,CUSTOM/OWNED,P2,Ledger/reconciliation/entitlement idempotency + provider receipt evidence,No need for proprietary attribution initially.
R2V-313,"18 Billing, entitlements and commercial system",Budgets/limits,Users/admins set spend controls.,DOCUMENTED,D,Prior XAPK/docs evidence register; see Final Source Register,Billing policy,UsageBudget,"VibeFlow is authoritative for UsageBudget state/policy; external IDs are references, never the source of VibeFlow truth.",OWN,OWN,Rules + notifications,CUSTOM/OWNED,P2,Ledger/reconciliation/entitlement idempotency + provider receipt evidence,VibeFlow can gate its own billable operations; external provider enforcement may differ.
R2V-314,"18 Billing, entitlements and commercial system",Deployment/database/storage usage pricing dimensions,Infrastructure services contribute separate usage costs.,DOCUMENTED,D,Replit billing docs,Infrastructure billing,Provider UsageRecord categories,"VibeFlow is authoritative for Provider UsageRecord categories state/policy; external IDs are references, never the source of VibeFlow truth.",BRIDGE,BRIDGE+OWN DISPLAY,Usage ingestion + invoices,CUSTOM/OWNED,P2,Ledger/reconciliation/entitlement idempotency + provider receipt evidence,Expose source of cost by provider/resource.
R2V-315,"18 Billing, entitlements and commercial system",Entitlements,Mobile queries current user entitlements.,PACKAGE-PROVEN,P,Prior XAPK/docs evidence register; see Final Source Register,Control plane,Entitlement,"VibeFlow is authoritative for Entitlement state/policy; external IDs are references, never the source of VibeFlow truth.",OWN,OWN,PostgreSQL + policy,PostgreSQL License,P2,Ledger/reconciliation/entitlement idempotency + provider receipt evidence,Never infer entitlement from client receipt alone.
R2V-316,"18 Billing, entitlements and commercial system",Feature flags/experiments,Statsig client present.,PACKAGE-PROVEN,P,Prior XAPK/docs evidence register; see Final Source Register,Product rollout,FeatureFlag,Adopt commodity/open mechanism; VibeFlow stores only product-level metadata/policy for FeatureFlag.,ADOPT,ADOPT LIGHT,Simple DB flags/GrowthBook core,VERIFY PER DEPENDENCY,P2,Ledger/reconciliation/entitlement idempotency + provider receipt evidence,Keep rollout kill-switches; avoid experiment complexity early.
R2V-317,"18 Billing, entitlements and commercial system",Mobile IAP,Apple/Google subscription purchase completion paths.,PACKAGE-PROVEN,P,Prior XAPK/docs evidence register; see Final Source Register,Store billing,StorePurchase,"VibeFlow is authoritative for StorePurchase state/policy; external IDs are references, never the source of VibeFlow truth.",OWN,ADOPT+OWN RECONCILIATION,OpenIAP/expo-iap + StoreKit/Play Billing,MIT,P2,Ledger/reconciliation/entitlement idempotency + provider receipt evidence,Platform rails unavoidable.
R2V-318,"18 Billing, entitlements and commercial system",Native Apple purchase completion mutation,Compiled mobile client contains explicit Apple subscription purchase completion operation.,PACKAGE-PROVEN,P-HBC,Hermes: CompleteAppleSubscriptionPurchaseDocument,Billing service,Store Purchase Reconciliation,Platform rail remains authoritative; VibeFlow records intent/status/evidence for Store Purchase Reconciliation.,EXTERNAL,OWN+EXTERNAL,StoreKit/OpenIAP + billing backend,EXTERNAL/PLATFORM - commercial terms apply,P2,Ledger/reconciliation/entitlement idempotency + provider receipt evidence,Store receipt is external evidence; entitlement is VibeFlow authority.
R2V-319,"18 Billing, entitlements and commercial system",Native Google purchase completion mutation,Compiled mobile client contains explicit Google subscription purchase completion operation.,PACKAGE-PROVEN,P-HBC,Hermes: CompleteGoogleSubscriptionPurchaseDocument,Billing service,Store Purchase Reconciliation,Platform rail remains authoritative; VibeFlow records intent/status/evidence for Store Purchase Reconciliation.,EXTERNAL,OWN+EXTERNAL,Google Billing/OpenIAP + billing backend,EXTERNAL/PLATFORM - commercial terms apply,P2,Ledger/reconciliation/entitlement idempotency + provider receipt evidence,Same authority split as Apple.
R2V-320,"18 Billing, entitlements and commercial system",Referrals/announcements,Mobile source/strings show growth UX.,PACKAGE-PROVEN,P,Prior XAPK/docs evidence register; see Final Source Register,Growth,Growth Campaigns,Not a greenfield core authority; no foundational dependency on this capability.,REJECT/OMIT,OMIT EARLY,Custom later,CUSTOM/OWNED,P2,Ledger/reconciliation/entitlement idempotency + provider receipt evidence,Not architecture core.
R2V-321,"18 Billing, entitlements and commercial system",Separate AI/Agent usage pricing dimension,Replit documents Agent/AI usage-based charging independent of basic subscription.,DOCUMENTED,D,Replit billing docs,AI billing service,AgentProvider UsageRecord,"VibeFlow is authoritative for AgentProvider UsageRecord state/policy; external IDs are references, never the source of VibeFlow truth.",BRIDGE,BRIDGE+OWN DISPLAY,Provider usage ingestion,CUSTOM/OWNED,P2,Ledger/reconciliation/entitlement idempotency + provider receipt evidence,VibeFlow should not hide vendor cost inside opaque universal credits.
R2V-322,"18 Billing, entitlements and commercial system",Store customer creation/retrieval,Client includes get-or-create App Store/Play Store customer operations.,PACKAGE-PROVEN,P-HBC,Hermes GraphQL symbols,Billing service,Store Customer Link,"VibeFlow is authoritative for Store Customer Link state/policy; external IDs are references, never the source of VibeFlow truth.",OWN,OWN,Billing account mapping,CUSTOM/OWNED,P2,Ledger/reconciliation/entitlement idempotency + provider receipt evidence,Keep store identifiers scoped to product account.
R2V-323,"18 Billing, entitlements and commercial system",Subscription plans,Starter/Core/Pro and client plan queries.,CORROBORATED,P+D,Prior XAPK/docs evidence register; see Final Source Register,Billing,VibeFlowPlan,"VibeFlow is authoritative for VibeFlowPlan state/policy; external IDs are references, never the source of VibeFlow truth.",OWN,OWN,PostgreSQL entitlement catalog,PostgreSQL License,P2,Ledger/reconciliation/entitlement idempotency + provider receipt evidence,VibeFlow commercial authority only.
R2V-324,"18 Billing, entitlements and commercial system",Unified credits,Replit credits cover Agent and cloud services.,DOCUMENTED,D,Prior XAPK/docs evidence register; see Final Source Register,Billing ledger,Do not copy as default,Not a greenfield core authority; no foundational dependency on this capability.,REJECT/OMIT,OMIT/REDESIGN,Separate meters,CUSTOM/OWNED,P2,Ledger/reconciliation/entitlement idempotency + provider receipt evidence,VibeFlow should expose distinct external provider costs and VibeFlow fees.
R2V-325,"18 Billing, entitlements and commercial system",Usage/budget configuration document,Client includes UBB configuration/limit operations and usage controls.,PACKAGE-PROVEN,P-HBC,Hermes: GetUbbConfigDocument/UpdateUbbLimitsDocument,Billing/usage service,BudgetPolicy,"VibeFlow is authoritative for BudgetPolicy state/policy; external IDs are references, never the source of VibeFlow truth.",OWN,OWN,Usage meter + budget engine,CUSTOM/OWNED,P2,Ledger/reconciliation/entitlement idempotency + provider receipt evidence,Policy should stop/require approval before runaway provider spend.
R2V-326,"18 Billing, entitlements and commercial system",Web checkout,Stripe session/payment paths in mobile client.,PACKAGE-PROVEN,P,Prior XAPK/docs evidence register; see Final Source Register,Billing,WebCheckout,Authority assigned explicitly at implementation time; provider state is never silently promoted to VibeFlow truth.,BRIDGE,OUTSOURCE,Stripe/Paddle/etc.,VERIFY PER DEPENDENCY,P2,Ledger/reconciliation/entitlement idempotency + provider receipt evidence,Payment processor is external; entitlement remains VibeFlow.
R2V-327,"18 Billing, entitlements and commercial system",Whop/Stripe/RevenueCat monetization for user apps,Replit offers app-level monetization paths distinct from Replit account billing.,DOCUMENTED,D,Replit Docs index: monetization,User-app commerce integration,App Commerce Binding,"External/provider implementation remains authoritative; VibeFlow owns binding, grants, policy, normalized state and evidence for App Commerce Binding.",BRIDGE,BRIDGE,Stripe/Whop/RevenueCat,VERIFY PER DEPENDENCY,P2,Ledger/reconciliation/entitlement idempotency + provider receipt evidence,Never merge VibeFlow SaaS billing with user app commerce ledger.
R2V-328,"18 Billing, entitlements and commercial system",Workspace/deployment/storage usage,Replit rolls many services into credits.,DOCUMENTED,D,Prior XAPK/docs evidence register; see Final Source Register,Usage ledger,ProviderUsageRecord,"VibeFlow is authoritative for ProviderUsageRecord state/policy; external IDs are references, never the source of VibeFlow truth.",OWN,"OWN DISPLAY, NOT BILL",Adapter usage APIs,CUSTOM/OWNED,P2,Ledger/reconciliation/entitlement idempotency + provider receipt evidence,Show normalized cost/usage without pretending VibeFlow owns provider bill.
R2V-329,"19 External clients, APIs and ecosystem interoperability",Admin API,Enterprise automation can administer Replit resources programmatically.,DOCUMENTED,D,Replit Docs index: Admin API,Enterprise control plane,Admin API,"VibeFlow is authoritative for Admin API state/policy; external IDs are references, never the source of VibeFlow truth.",OWN,OWN,REST/GraphQL admin API,CUSTOM/OWNED,P2,Protocol conformance + scoped authorization + compatibility tests,Separate high-privilege administrative surface with explicit scopes.
R2V-330,"19 External clients, APIs and ecosystem interoperability",Gemini CLI extension,Replit offers extension support for Gemini CLI as external development interface.,DOCUMENTED,D,Replit Feb 6 2026 changelog,External development integration,CLI Agent/Workspace Adapter,"External/provider implementation remains authoritative; VibeFlow owns binding, grants, policy, normalized state and evidence for CLI Agent/Workspace Adapter.",BRIDGE,BRIDGE,ACP/MCP/CLI adapter,Apache-2.0; MIT,P2,Protocol conformance + scoped authorization + compatibility tests,Reinforces open external control surface direction.
R2V-331,"19 External clients, APIs and ecosystem interoperability",Open-in/install-link ecosystem affordances,Replit supports links/badges that bootstrap resources/integrations from external docs.,DOCUMENTED,D,Replit MCP install links,Ecosystem growth,Signed Import/Install Descriptor,Not a greenfield core authority; no foundational dependency on this capability.,DEFER,DEFER,Deep links + signed manifests,CUSTOM/OWNED,P2,Protocol conformance + scoped authorization + compatibility tests,Avoid allowing unsigned payloads to silently grant connections.
R2V-332,"19 External clients, APIs and ecosystem interoperability",Replit in ChatGPT,External AI client can operate on Replit through supported integration.,DOCUMENTED,D,Replit Docs index: Replit in ChatGPT,External platform integration,External Assistant Connector,"External/provider implementation remains authoritative; VibeFlow owns binding, grants, policy, normalized state and evidence for External Assistant Connector.",BRIDGE,BRIDGE,MCP/app connector,MIT,P2,Protocol conformance + scoped authorization + compatibility tests,Proof that development platform can be controlled outside its primary UI.
R2V-333,"19 External clients, APIs and ecosystem interoperability",Replit in Claude,External Claude workflows can interact with Replit.,DOCUMENTED,D,Replit Docs index: Replit in Claude,External platform integration,External Assistant Connector,"External/provider implementation remains authoritative; VibeFlow owns binding, grants, policy, normalized state and evidence for External Assistant Connector.",BRIDGE,BRIDGE,MCP/app connector,MIT,P2,Protocol conformance + scoped authorization + compatibility tests,Same provider-neutral principle.
R2V-334,"19 External clients, APIs and ecosystem interoperability",Replit in Slack,Slack can act as an interaction/control surface for Replit workflows.,DOCUMENTED,D,Replit Docs index: Replit in Slack,External interaction surface,Messaging Control Adapter,Not a greenfield core authority; no foundational dependency on this capability.,DEFER,DEFER,Slack app/MCP,MIT,P2,Protocol conformance + scoped authorization + compatibility tests,Useful secondary control surface after mobile.
R2V-335,"19 External clients, APIs and ecosystem interoperability",Replit MCP server for external clients,External MCP clients can create/update/manage Replit apps through a hosted server.,DOCUMENTED,D,Replit Docs: Replit MCP Server,External platform API,VibeFlow MCP Server,"VibeFlow is authoritative for VibeFlow MCP Server state/policy; external IDs are references, never the source of VibeFlow truth.",OWN,ADOPT+OWN TOOLS,MCP 2026-07-28,MIT,P2,Protocol conformance + scoped authorization + compatibility tests,Expose VibeFlow-owned control-plane operations as MCP tools without inventing a new external protocol.
R2V-336,"20 SaaS business, support and administration",Account portal,"Profile, billing, invoices, usage, connections.",CORROBORATED,P+D,Prior XAPK/docs evidence register; see Final Source Register,Business/control plane,Account Portal,"VibeFlow is authoritative for Account Portal state/policy; external IDs are references, never the source of VibeFlow truth.",OWN,OWN UI + ADOPT SERVICES,React web + shared APIs,CUSTOM/OWNED,P2,SaaS workflow + privacy/redaction + audit tests,Shared identity/control plane with mobile.
R2V-337,"20 SaaS business, support and administration",Admin/support console,Operational support/admin workflows.,CORROBORATED,P+D,Prior XAPK/docs evidence register; see Final Source Register,Business operations,Admin Console,Adopt commodity/open mechanism; VibeFlow stores only product-level metadata/policy for Admin Console.,ADOPT,ADOPT/PURCHASE,Retool/Appsmith/custom,VERIFY PER DEPENDENCY,P2,SaaS workflow + privacy/redaction + audit tests,Do not consume core product engineering unnecessarily.
R2V-338,"20 SaaS business, support and administration",AI-friendly repository instructions,Prior Open SaaS research supports deterministic AGENTS.md/skills/docs approach.,INFERRED/ARCHITECTURAL,Research,Prior XAPK/docs evidence register; see Final Source Register,Developer experience,AI Development Contract,"VibeFlow is authoritative for AI Development Contract state/policy; external IDs are references, never the source of VibeFlow truth.",OWN,OWN,AGENTS.md + llms.txt + skill manifests,CUSTOM/OWNED,P2,SaaS workflow + privacy/redaction + audit tests,Make VibeFlow itself easy for coding agents to modify safely.
R2V-339,"20 SaaS business, support and administration",Email lifecycle,"Verification, resets, alerts, invoices.",CORROBORATED,P+D,Prior XAPK/docs evidence register; see Final Source Register,Business system,Email service,Adopt commodity/open mechanism; VibeFlow stores only product-level metadata/policy for Email service.,ADOPT,ADOPT,Resend/Postmark/etc.,VERIFY PER DEPENDENCY,P2,SaaS workflow + privacy/redaction + audit tests,Commodity.
R2V-340,"20 SaaS business, support and administration",Enterprise sales/provisioning,Enterprise SSO/audit/privacy controls.,DOCUMENTED,D,Prior XAPK/docs evidence register; see Final Source Register,Business/enterprise,Enterprise feature pack,Not a greenfield core authority; no foundational dependency on this capability.,DEFER,DEFER/OUTSOURCE,WorkOS + CRM,CUSTOM/OWNED,P2,SaaS workflow + privacy/redaction + audit tests,After core product-market fit.
R2V-341,"20 SaaS business, support and administration",Feedback/help entry points,Mobile/web surfaces expose feedback and support entry points.,CORROBORATED,P+D,Hermes routes; Replit docs,Support/growth,Feedback Center,"VibeFlow is authoritative for Feedback Center state/policy; external IDs are references, never the source of VibeFlow truth.",OWN,OWN/ADOPT,Helpdesk/feedback SaaS,CUSTOM/OWNED,P2,SaaS workflow + privacy/redaction + audit tests,Commodity business plumbing.
R2V-342,"20 SaaS business, support and administration",Marketing/pricing/docs site,Public acquisition and product documentation.,DOCUMENTED,D,Prior XAPK/docs evidence register; see Final Source Register,Business system,VibeFlow Web,Adopt commodity/open mechanism; VibeFlow stores only product-level metadata/policy for VibeFlow Web.,ADOPT,ADOPT TEMPLATE/PATTERNS,Next.js/Open SaaS patterns,VERIFY PER DEPENDENCY,P2,SaaS workflow + privacy/redaction + audit tests,Separate from product control plane.
R2V-343,"20 SaaS business, support and administration",Payment invoices/tax,Commercial back office.,DOCUMENTED,D,Prior XAPK/docs evidence register; see Final Source Register,Billing,Billing Provider,Authority assigned explicitly at implementation time; provider state is never silently promoted to VibeFlow truth.,BRIDGE,OUTSOURCE,Stripe/Paddle/etc.,VERIFY PER DEPENDENCY,P2,SaaS workflow + privacy/redaction + audit tests,Do not implement acquiring/tax rails.
R2V-344,"20 SaaS business, support and administration",Support asset upload,Compiled client includes SupportAssetUpload operation.,PACKAGE-PROVEN,P-HBC,Hermes GraphQL symbols,Support service,Support Evidence Attachment,"VibeFlow is authoritative for Support Evidence Attachment state/policy; external IDs are references, never the source of VibeFlow truth.",OWN,OWN,Object storage + signed upload,CUSTOM/OWNED,P2,SaaS workflow + privacy/redaction + audit tests,Scrub secrets before support upload.
R2V-345,"20 SaaS business, support and administration",Support diagnostic log upload,Client includes support-log collection/upload paths.,PACKAGE-PROVEN,P-HBC,Hermes security cluster,Support/mobile telemetry,Diagnostic Bundle,"VibeFlow is authoritative for Diagnostic Bundle state/policy; external IDs are references, never the source of VibeFlow truth.",OWN,OWN POLICY,Redacted diagnostic pack,CUSTOM/OWNED,P2,SaaS workflow + privacy/redaction + audit tests,Never include secrets/raw provider tokens.
R2V-346,"20 SaaS business, support and administration",Support request creation,Compiled client includes FrontSupportRequest operation and support screens.,PACKAGE-PROVEN,P-HBC,Hermes GraphQL symbols,Support service,Support Case,"VibeFlow is authoritative for Support Case state/policy; external IDs are references, never the source of VibeFlow truth.",OWN,OWN/ADOPT,Helpdesk integration,CUSTOM/OWNED,P2,SaaS workflow + privacy/redaction + audit tests,Commodity SaaS workflow; keep product telemetry references scoped.
R2V-347,21 Release engineering and software supply chain,Clean-room policy,Forensic architecture knowledge must not become copied proprietary source/UI/assets.,INFERRED/ARCHITECTURAL,Design,Prior XAPK/docs evidence register; see Final Source Register,VibeFlow,CleanRoomPolicy,"VibeFlow is authoritative for CleanRoomPolicy state/policy; external IDs are references, never the source of VibeFlow truth.",OWN,OWN,Repository policy + evidence refs,CUSTOM/OWNED,P2,SBOM/signature/provenance/reproducible-build/release gates,"Use behavior/contracts/architecture, not Replit proprietary code/assets."
R2V-348,21 Release engineering and software supply chain,Commercial license policy,Open source counterpart must be compatible with monthly commercial app.,INFERRED/ARCHITECTURAL,Design,Prior XAPK/docs evidence register; see Final Source Register,VibeFlow,DependencyPolicy,"VibeFlow is authoritative for DependencyPolicy state/policy; external IDs are references, never the source of VibeFlow truth.",OWN,OWN,License allowlist + legal review,CUSTOM/OWNED,P2,SBOM/signature/provenance/reproducible-build/release gates,Prefer MIT/Apache/BSD/PostgreSQL; review copyleft/open-core/service terms.
R2V-349,21 Release engineering and software supply chain,Conformance tests,Provider/agent/workspace adapters need common behavioral contract.,INFERRED/ARCHITECTURAL,Design,Prior XAPK/docs evidence register; see Final Source Register,VibeFlow,ConformanceSuite,"VibeFlow is authoritative for ConformanceSuite state/policy; external IDs are references, never the source of VibeFlow truth.",OWN,OWN,Test harness,CUSTOM/OWNED,P2,SBOM/signature/provenance/reproducible-build/release gates,Open provider ecosystem only works if adapters are testable.
R2V-350,21 Release engineering and software supply chain,Dependency inventory,Large RN/Expo/native dependency surface.,PACKAGE-PROVEN,P,Prior XAPK/docs evidence register; see Final Source Register,Supply chain,SBOM/DependencyRegistry,"VibeFlow is authoritative for SBOM/DependencyRegistry state/policy; external IDs are references, never the source of VibeFlow truth.",OWN,OWN GOVERNANCE,Syft/OSV/license scanner,CUSTOM/OWNED,P2,SBOM/signature/provenance/reproducible-build/release gates,Every adopted dependency needs license/security record.
R2V-351,21 Release engineering and software supply chain,Dependency/version inventory in APK,Base APK contains 110 dependency version marker files.,PACKAGE-PROVEN,P-APK,APK: 08_meta_dependency_versions.json,Mobile supply chain,SBOM/Dependency Evidence,"VibeFlow is authoritative for SBOM/Dependency Evidence state/policy; external IDs are references, never the source of VibeFlow truth.",OWN,OWN+ADOPT,CycloneDX/Syft/Gradle lockfiles,CUSTOM/OWNED,P2,SBOM/signature/provenance/reproducible-build/release gates,Generate authoritative SBOM at build time rather than inferring after ship.
R2V-352,21 Release engineering and software supply chain,Hermes v96 bytecode runtime compatibility,"Shipped Android bundle is Hermes bytecode v96 with 48,119 functions.",PACKAGE-PROVEN,P-HBC,Official hermes-dec 0.1.7 parser,Mobile release/runtime,Runtime Compatibility Gate,Adopt commodity/open mechanism; VibeFlow stores only product-level metadata/policy for Runtime Compatibility Gate.,ADOPT,ADOPT,Expo/React Native/Hermes,MIT,P2,SBOM/signature/provenance/reproducible-build/release gates,OTA bundle must match native runtime version.
R2V-353,21 Release engineering and software supply chain,Mobile binary releases,Store-delivered native releases.,PACKAGE-PROVEN,P,Prior XAPK/docs evidence register; see Final Source Register,Release system,MobileRelease,Adopt commodity/open mechanism; VibeFlow stores only product-level metadata/policy for MobileRelease.,ADOPT,ADOPT,EAS/GitHub Actions/Fastlane,VERIFY PER DEPENDENCY,P2,SBOM/signature/provenance/reproducible-build/release gates,Automate signing/release evidence.
R2V-354,21 Release engineering and software supply chain,Native library hardening baseline,All 27 observed ARM64 libraries report RELRO/NX/PIE; stack canary symbol appears in 26/27.,PACKAGE-PROVEN,P-NATIVE,APK: 17_native_elf_inventory.json,Native supply chain,Native Binary Hardening Gate,Adopt commodity/open mechanism; VibeFlow stores only product-level metadata/policy for Native Binary Hardening Gate.,ADOPT,ADOPT+VERIFY,Compiler/linker hardening + scanner,VERIFY PER DEPENDENCY,P2,SBOM/signature/provenance/reproducible-build/release gates,"Use as measurable release gate, not claim of complete native security."
R2V-355,21 Release engineering and software supply chain,OTA JS/assets,Expo Updates channel in APK.,PACKAGE-PROVEN,P,Prior XAPK/docs evidence register; see Final Source Register,Release system,OTARelease,Adopt commodity/open mechanism; VibeFlow stores only product-level metadata/policy for OTARelease.,ADOPT,ADOPT+POLICY,expo-updates,MIT,P2,SBOM/signature/provenance/reproducible-build/release gates,"Signed channels, runtime compatibility, rollback policy."
R2V-356,21 Release engineering and software supply chain,OTA/native compatibility runtimeVersion,Expo config pins runtimeVersion to 2.193.0 and Expo Updates URL.,PACKAGE-PROVEN,P-CONFIG,APK: 06_expo_app_config.json,Mobile release,OTA Compatibility Policy,"VibeFlow is authoritative for OTA Compatibility Policy state/policy; external IDs are references, never the source of VibeFlow truth.",OWN,OWN+ADOPT,expo-updates channels/runtimeVersion,MIT,P2,SBOM/signature/provenance/reproducible-build/release gates,Never deliver incompatible JS bundle to native binary.
R2V-357,21 Release engineering and software supply chain,Signed mobile APK distribution,Shipped base APK contains signing certificate metadata and split packaging.,PACKAGE-PROVEN,P-APK,APK: 15_apk_signing_certificate.txt; XAPK inventory,Mobile release,Signed Native Release,Platform rail remains authoritative; VibeFlow records intent/status/evidence for Signed Native Release.,EXTERNAL,EXTERNAL+OWN POLICY,Android signing/EAS/Play,EXTERNAL/PLATFORM - commercial terms apply,P2,SBOM/signature/provenance/reproducible-build/release gates,Signing keys must remain outside agent/user workspace.
R2V-358,22 Project environment and configuration model,.replit project configuration,Replit documents a project configuration file for run/build/workspace behavior.,DOCUMENTED,D,Replit Docs index: .replit,Project/workspace configuration,Project Runtime Descriptor,"External/provider implementation remains authoritative; VibeFlow owns binding, grants, policy, normalized state and evidence for Project Runtime Descriptor.",BRIDGE,BRIDGE,Dev Container + adapter extension config,spec/code mixed; file-level review,P2,Environment parsing/port/dependency reproducibility tests,Prefer standard environment definitions with provider extensions.
R2V-359,22 Project environment and configuration model,Dependency management UI/Agent integration,Project environment exposes package/dependency installation and management.,DOCUMENTED,D,Replit Docs index: dependency management,Workspace/package plane,Dependency Capability,"External/provider implementation remains authoritative; VibeFlow owns binding, grants, policy, normalized state and evidence for Dependency Capability.",BRIDGE,BRIDGE,Package manager/workspace adapter,VERIFY PER DEPENDENCY,P2,Environment parsing/port/dependency reproducibility tests,Authority is workspace/package manager; VibeFlow verifies resulting lockfiles/SBOM.
R2V-360,22 Project environment and configuration model,Port declaration/detection,Replit environment exposes network services/ports to Preview/deploy tooling.,DOCUMENTED,D,Replit Docs index: ports,Workspace runtime,Port Capability Manifest,"External/provider implementation remains authoritative; VibeFlow owns binding, grants, policy, normalized state and evidence for Port Capability Manifest.",BRIDGE,BRIDGE,Dev Container ports/workspace adapter,spec/code mixed; file-level review,P2,Environment parsing/port/dependency reproducibility tests,Normalize exposed service metadata.
R2V-361,22 Project environment and configuration model,replit.md project/Agent guidance,Project-level markdown gives Agent/project-specific instructions/context.,DOCUMENTED,D,Replit Docs index: replit.md,Project context,Project Instruction Artifact,Adopt commodity/open mechanism; VibeFlow stores only product-level metadata/policy for Project Instruction Artifact.,EXTEND,ADOPT/EXTEND,AGENTS.md + provider-specific compatibility,VERIFY PER DEPENDENCY,P2,Environment parsing/port/dependency reproducibility tests,Use open/common agent-instruction conventions; retain provider adapters.
R2V-362,22 Project environment and configuration model,replit.nix environment configuration,Replit documents Nix configuration for environment dependencies.,DOCUMENTED,D,Replit Docs index: replit.nix,Workspace environment,Environment Definition,"External/provider implementation remains authoritative; VibeFlow owns binding, grants, policy, normalized state and evidence for Environment Definition.",BRIDGE,BRIDGE,Dev Containers/Nix adapters,spec/code mixed; file-level review,P2,Environment parsing/port/dependency reproducibility tests,Do not make Replit Nix format VibeFlow canonical.
R2V-363,"23 Growth, feedback, discovery and SEO",Agent Inbox from published-app feedback,Visitor feedback becomes a builder inbox that can launch Agent implementation work.,DOCUMENTED,D,Replit Feb 6 2026 changelog,Feedback + task system,Feedback -> Task lineage,Not a greenfield core authority; no foundational dependency on this capability.,DEFER,DEFER,Feedback widget + task API,CUSTOM/OWNED,P2,Quality metric reproducibility + feedback/task lineage,Strong closed loop after production/monitoring foundation.
R2V-364,"23 Growth, feedback, discovery and SEO",Referral/announcement growth surfaces,Client includes growth/announcement/referral-style states and experiments.,PACKAGE-PROVEN,P-HBC,Hermes flags/routes,Growth system,Growth Surface,Not a greenfield core authority; no foundational dependency on this capability.,REJECT/OMIT,OMIT EARLY,Product analytics/CRM,CUSTOM/OWNED,P2,Quality metric reproducibility + feedback/task lineage,Not part of greenfield technical core.
R2V-365,"23 Growth, feedback, discovery and SEO",SEO Agent,Agent can act on SEO findings and recommendations.,DOCUMENTED,D,Replit Docs index: SEO Agent,Agent + quality tooling,SEO Finding -> Task,Not a greenfield core authority; no foundational dependency on this capability.,DEFER,DEFER,Scanner + coding agent,CUSTOM/OWNED,P2,Quality metric reproducibility + feedback/task lineage,Same finding-to-task pattern as security.
R2V-366,"23 Growth, feedback, discovery and SEO",SEO Rating,Replit exposes SEO assessment/rating as a product capability.,DOCUMENTED,D,Replit Docs index: SEO Rating,Quality/marketing tooling,SEO Verification Check,"External/provider implementation remains authoritative; VibeFlow owns binding, grants, policy, normalized state and evidence for SEO Verification Check.",BRIDGE,ADOPT/BRIDGE,Lighthouse/SEO scanner,VERIFY PER DEPENDENCY,P2,Quality metric reproducibility + feedback/task lineage,Useful optional verification dimension.
R2V-367,24 Private or unknowable Replit implementation,Abuse/fraud/platform-safety decision systems,Automated fraud/abuse controls are not inferable from distributed app.,UNKNOWN/PRIVATE,U,Not obtainable from APK,Replit trust/safety backend,Abuse & Risk Policy,"VibeFlow is authoritative for Abuse & Risk Policy state/policy; external IDs are references, never the source of VibeFlow truth.",OWN,OWN/ADOPT,Rate limits/risk vendors/manual review,CUSTOM/OWNED,N/A,Not claimable from APK; implement from independent requirements and verify separately,Required operationally but not copied.
R2V-368,24 Private or unknowable Replit implementation,Agent foundation/model orchestration,Private Agent execution/routing internals,UNKNOWN/PRIVATE,U,Prior XAPK/docs evidence register; see Final Source Register,Private Replit implementation,Provider-neutral AgentBinding + policy,Authority assigned explicitly at implementation time; provider state is never silently promoted to VibeFlow truth.,UNKNOWN/OWN-INDEPENDENTLY,DESIGN INDEPENDENTLY,Standards/OSS primitives,VERIFY PER DEPENDENCY,N/A,Not claimable from APK; implement from independent requirements and verify separately,Do not infer/copy private implementation; derive requirements from observable behavior.
R2V-369,24 Private or unknowable Replit implementation,Agent system prompts and hidden safety/tool policy,Distributed client does not contain authoritative production system prompts/orchestrator policy.,UNKNOWN/PRIVATE,U,Not obtainable from APK,Replit Agent backend,VibeFlow Agent Policy,"VibeFlow is authoritative for VibeFlow Agent Policy state/policy; external IDs are references, never the source of VibeFlow truth.",OWN,OWN FROM FIRST PRINCIPLES,Policy engine + adapter contracts,CUSTOM/OWNED,N/A,Not claimable from APK; implement from independent requirements and verify separately,Do not copy or speculate on proprietary prompts.
R2V-370,24 Private or unknowable Replit implementation,Authorization enforcement topology,Private server policy enforcement,UNKNOWN/PRIVATE,U,Prior XAPK/docs evidence register; see Final Source Register,Private Replit implementation,Central policy + gateway + provider grants,Authority assigned explicitly at implementation time; provider state is never silently promoted to VibeFlow truth.,UNKNOWN/OWN-INDEPENDENTLY,DESIGN INDEPENDENTLY,Standards/OSS primitives,VERIFY PER DEPENDENCY,N/A,Not claimable from APK; implement from independent requirements and verify separately,Do not infer/copy private implementation; derive requirements from observable behavior.
R2V-371,24 Private or unknowable Replit implementation,Billing ledger/reconciliation internals,Private financial implementation,UNKNOWN/PRIVATE,U,Prior XAPK/docs evidence register; see Final Source Register,Private Replit implementation,Append-only VibeFlow usage/entitlement ledger,Authority assigned explicitly at implementation time; provider state is never silently promoted to VibeFlow truth.,UNKNOWN/OWN-INDEPENDENTLY,DESIGN INDEPENDENTLY,Standards/OSS primitives,VERIFY PER DEPENDENCY,N/A,Not claimable from APK; implement from independent requirements and verify separately,Do not infer/copy private implementation; derive requirements from observable behavior.
R2V-372,24 Private or unknowable Replit implementation,Billing ledger/tax/reconciliation implementation,"Client exposes purchase/usage operations, not accounting ledger internals.",UNKNOWN/PRIVATE,U,Not obtainable from APK,Replit billing backend,VibeFlow Billing Ledger,"VibeFlow is authoritative for VibeFlow Billing Ledger state/policy; external IDs are references, never the source of VibeFlow truth.",OWN,ADOPT+OWN RULES,Stripe/Paddle/Kill Bill style components,CUSTOM/OWNED,N/A,Not claimable from APK; implement from independent requirements and verify separately,Use auditable commercial ledger; no reverse engineering needed.
R2V-373,24 Private or unknowable Replit implementation,Checkpoint atomicity algorithm,How Replit coordinates file/context/DB snapshots,UNKNOWN/PRIVATE,U,Prior XAPK/docs evidence register; see Final Source Register,Private Replit implementation,VibeFlow CheckpointManifest + recovery transaction,Authority assigned explicitly at implementation time; provider state is never silently promoted to VibeFlow truth.,UNKNOWN/OWN-INDEPENDENTLY,DESIGN INDEPENDENTLY,Standards/OSS primitives,VERIFY PER DEPENDENCY,N/A,Not claimable from APK; implement from independent requirements and verify separately,Do not infer/copy private implementation; derive requirements from observable behavior.
R2V-374,24 Private or unknowable Replit implementation,Connector credential broker storage,Private token storage/refresher,UNKNOWN/PRIVATE,U,Prior XAPK/docs evidence register; see Final Source Register,Private Replit implementation,VibeFlow Connection/SecretRef broker,Authority assigned explicitly at implementation time; provider state is never silently promoted to VibeFlow truth.,UNKNOWN/OWN-INDEPENDENTLY,DESIGN INDEPENDENTLY,Standards/OSS primitives,VERIFY PER DEPENDENCY,N/A,Not claimable from APK; implement from independent requirements and verify separately,Do not infer/copy private implementation; derive requirements from observable behavior.
R2V-375,24 Private or unknowable Replit implementation,Connector credential storage/token-broker implementation,"Client/docs reveal OAuth/MCP connections, not storage/encryption/rotation internals.",UNKNOWN/PRIVATE,U,Not obtainable from APK,Replit connection backend,Connection Broker,"VibeFlow is authoritative for Connection Broker state/policy; external IDs are references, never the source of VibeFlow truth.",OWN,OWN,KMS-backed token vault,CUSTOM/OWNED,N/A,Not claimable from APK; implement from independent requirements and verify separately,"Build from security requirements, not inference."
R2V-376,24 Private or unknowable Replit implementation,Cross-resource checkpoint transaction algorithm,"Docs prove checkpoint scope, not exact atomicity/consistency implementation.",UNKNOWN/PRIVATE,U,Not obtainable from APK,Replit checkpoint backend,Checkpoint Manifest + reconciliation,"VibeFlow is authoritative for Checkpoint Manifest + reconciliation state/policy; external IDs are references, never the source of VibeFlow truth.",OWN,OWN,Immutable manifests + provider snapshots,CUSTOM/OWNED,N/A,Not claimable from APK; implement from independent requirements and verify separately,VibeFlow must define its own honest partial-failure semantics.
R2V-377,24 Private or unknowable Replit implementation,Deployment scheduler/runtime topology,Private cloud orchestration,UNKNOWN/PRIVATE,U,Prior XAPK/docs evidence register; see Final Source Register,Private Replit implementation,Deployment provider adapters,Authority assigned explicitly at implementation time; provider state is never silently promoted to VibeFlow truth.,UNKNOWN/OWN-INDEPENDENTLY,DESIGN INDEPENDENTLY,Standards/OSS primitives,VERIFY PER DEPENDENCY,N/A,Not claimable from APK; implement from independent requirements and verify separately,Do not infer/copy private implementation; derive requirements from observable behavior.
R2V-378,24 Private or unknowable Replit implementation,Exact client-visible GraphQL server schema and resolver implementation,Client symbols expose operations but not authoritative backend resolver/data implementation.,UNKNOWN/PRIVATE,U,Static client boundary,Replit backend,Provider-neutral Control Plane API,No Replit implementation authority assumed; VibeFlow defines independently.,UNKNOWN/OWN-INDEPENDENTLY,DO NOT COPY/UNKNOWN,Custom VibeFlow API,CUSTOM/OWNED,N/A,Not claimable from APK; implement from independent requirements and verify separately,Reconstruct contracts only where necessary; never claim private server source.
R2V-379,24 Private or unknowable Replit implementation,Mobile-web origin security implementation,Static client does not prove all server/WebView protections,UNKNOWN/PRIVATE,U,Prior XAPK/docs evidence register; see Final Source Register,Private Replit implementation,Explicit origin/session/grant binding,Authority assigned explicitly at implementation time; provider state is never silently promoted to VibeFlow truth.,UNKNOWN/OWN-INDEPENDENTLY,DESIGN INDEPENDENTLY,Standards/OSS primitives,VERIFY PER DEPENDENCY,N/A,Not claimable from APK; implement from independent requirements and verify separately,Do not infer/copy private implementation; derive requirements from observable behavior.
R2V-380,24 Private or unknowable Replit implementation,Model routing/evaluation economics,Exact selection/fallback/routing across models is private backend behavior.,UNKNOWN/PRIVATE,U,Not obtainable from APK,Replit AI backend,Model Routing Policy,"VibeFlow is authoritative for Model Routing Policy state/policy; external IDs are references, never the source of VibeFlow truth.",BRIDGE,OWN/BRIDGE,Model gateway/provider adapters,CUSTOM/OWNED,N/A,Not claimable from APK; implement from independent requirements and verify separately,Design by transparent capability/cost policy.
R2V-381,24 Private or unknowable Replit implementation,Multiplayer sync protocol,Exact CRDT/sync internals not established,UNKNOWN/PRIVATE,U,Prior XAPK/docs evidence register; see Final Source Register,Private Replit implementation,Yjs/standard collaborative state if needed,Authority assigned explicitly at implementation time; provider state is never silently promoted to VibeFlow truth.,UNKNOWN/OWN-INDEPENDENTLY,DESIGN INDEPENDENTLY,Standards/OSS primitives,VERIFY PER DEPENDENCY,N/A,Not claimable from APK; implement from independent requirements and verify separately,Do not infer/copy private implementation; derive requirements from observable behavior.
R2V-382,24 Private or unknowable Replit implementation,Observability backend/storage,Private telemetry storage topology,UNKNOWN/PRIVATE,U,Prior XAPK/docs evidence register; see Final Source Register,Private Replit implementation,OpenTelemetry + pluggable backend,Authority assigned explicitly at implementation time; provider state is never silently promoted to VibeFlow truth.,UNKNOWN/OWN-INDEPENDENTLY,DESIGN INDEPENDENTLY,Standards/OSS primitives,VERIFY PER DEPENDENCY,N/A,Not claimable from APK; implement from independent requirements and verify separately,Do not infer/copy private implementation; derive requirements from observable behavior.
R2V-383,24 Private or unknowable Replit implementation,Observability sampling/storage topology,Client shows Sentry/Datadog hooks; server telemetry pipeline/storage is private.,UNKNOWN/PRIVATE,U,Not obtainable from APK,Replit observability backend,OTel Telemetry Plane,Adopt commodity/open mechanism; VibeFlow stores only product-level metadata/policy for OTel Telemetry Plane.,ADOPT,ADOPT,OpenTelemetry + chosen backend,Apache-2.0,N/A,Not claimable from APK; implement from independent requirements and verify separately,Do not copy private implementation.
R2V-384,24 Private or unknowable Replit implementation,Production deployment scheduler/control plane topology,"Client/docs reveal deployment modes, not internal scheduler/network topology.",UNKNOWN/PRIVATE,U,Not obtainable from APK,Replit infrastructure,Deployment Adapter Contract,"External/provider implementation remains authoritative; VibeFlow owns binding, grants, policy, normalized state and evidence for Deployment Adapter Contract.",BRIDGE,BRIDGE,Provider adapters,VERIFY PER DEPENDENCY,N/A,Not claimable from APK; implement from independent requirements and verify separately,Do not reproduce private cloud internals unless needed.
R2V-385,24 Private or unknowable Replit implementation,Real-time multiplayer synchronization algorithm,Docs prove collaboration but not exact CRDT/OT/sync service.,UNKNOWN/PRIVATE,U,Not obtainable from APK,Replit collaboration backend,Collaboration Provider Contract,"External/provider implementation remains authoritative; VibeFlow owns binding, grants, policy, normalized state and evidence for Collaboration Provider Contract.",BRIDGE,ADOPT/BRIDGE,Yjs/Automerge/provider,MIT,N/A,Not claimable from APK; implement from independent requirements and verify separately,Select open implementation independently.
R2V-386,24 Private or unknowable Replit implementation,Secrets KMS envelope/key hierarchy,Client proves secret-management UX but not server cryptographic hierarchy.,UNKNOWN/PRIVATE,U,Not obtainable from APK,Replit security backend,SecretRef / Credential Broker,"VibeFlow is authoritative for SecretRef / Credential Broker state/policy; external IDs are references, never the source of VibeFlow truth.",OWN,OWN,KMS/HSM-backed secret service,CUSTOM/OWNED,N/A,Not claimable from APK; implement from independent requirements and verify separately,Never infer private key-management implementation.
R2V-387,24 Private or unknowable Replit implementation,Secrets KMS/HSM hierarchy,Private key-management details,UNKNOWN/PRIVATE,U,Prior XAPK/docs evidence register; see Final Source Register,Private Replit implementation,KMS-backed secret boundary,Authority assigned explicitly at implementation time; provider state is never silently promoted to VibeFlow truth.,UNKNOWN/OWN-INDEPENDENTLY,DESIGN INDEPENDENTLY,Standards/OSS primitives,VERIFY PER DEPENDENCY,N/A,Not claimable from APK; implement from independent requirements and verify separately,Do not infer/copy private implementation; derive requirements from observable behavior.
R2V-388,24 Private or unknowable Replit implementation,Server GraphQL schema/resolvers,Private backend implementation,UNKNOWN/PRIVATE,U,Prior XAPK/docs evidence register; see Final Source Register,Private Replit implementation,VibeFlow API/control plane schema,Authority assigned explicitly at implementation time; provider state is never silently promoted to VibeFlow truth.,UNKNOWN/OWN-INDEPENDENTLY,DESIGN INDEPENDENTLY,Standards/OSS primitives,VERIFY PER DEPENDENCY,N/A,Not claimable from APK; implement from independent requirements and verify separately,Do not infer/copy private implementation; derive requirements from observable behavior.
R2V-389,24 Private or unknowable Replit implementation,Workspace scheduler and sandbox isolation,Private compute/tenant boundary,UNKNOWN/PRIVATE,U,Prior XAPK/docs evidence register; see Final Source Register,Private Replit implementation,BYOW first; provider capability + later own isolation,Authority assigned explicitly at implementation time; provider state is never silently promoted to VibeFlow truth.,UNKNOWN/OWN-INDEPENDENTLY,DESIGN INDEPENDENTLY,Standards/OSS primitives,VERIFY PER DEPENDENCY,N/A,Not claimable from APK; implement from independent requirements and verify separately,Do not infer/copy private implementation; derive requirements from observable behavior.
R2V-390,24 Private or unknowable Replit implementation,Workspace scheduler/kernel multi-tenant boundary,"Client proves a remote workspace exists, not how hosts/sandboxes are scheduled/isolation enforced.",UNKNOWN/PRIVATE,U,Not obtainable from APK,Replit infrastructure,Workspace Provider Contract,"External/provider implementation remains authoritative; VibeFlow owns binding, grants, policy, normalized state and evidence for Workspace Provider Contract.",BRIDGE,BRIDGE,Daytona/E2B/Kubernetes/gVisor/Firecracker adapters,Apache-2.0,N/A,Not claimable from APK; implement from independent requirements and verify separately,Isolation is provider claim plus VibeFlow verification evidence.
