vf_id,domain,domain_code,capability,origin,source_r2v_ids,source_capabilities,evidence_class,decision,priority,candidate_or_reference,authority_rule,verification_gate,status
VF-EXP-001,01 Experience surfaces and navigation,EXP,VibeFlow Mobile Shell,REPLIT-DERIVED-REQUIREMENT,R2V-001,Android/iOS native shell,PACKAGE-PROVEN,OWN,P1,Expo + React Native,"VibeFlow is authoritative for VibeFlow Mobile Shell state/policy; external IDs are references, never the source of VibeFlow truth.",Functional + security tests,NOT_STARTED
VF-EXP-002,01 Experience surfaces and navigation,EXP,Create Surface,REPLIT-DERIVED-REQUIREMENT,R2V-002,Create prompt composer and artifact-type selector,DOCUMENTED,OWN,P1,React Native/Web UI,"VibeFlow is authoritative for Create Surface state/policy; external IDs are references, never the source of VibeFlow truth.",Functional + security tests,NOT_STARTED
VF-EXP-003,01 Experience surfaces and navigation,EXP,Recovery Timeline,REPLIT-DERIVED-REQUIREMENT,R2V-003,History timeline surface,DOCUMENTED,OWN,P1,Custom UI over checkpoint manifests,"VibeFlow is authoritative for Recovery Timeline state/policy; external IDs are references, never the source of VibeFlow truth.",Functional + security tests,NOT_STARTED
VF-EXP-004,01 Experience surfaces and navigation,EXP,Home / Project switcher,REPLIT-DERIVED-REQUIREMENT,R2V-004,Home / recent projects,PACKAGE-PROVEN,OWN,P1,React Native UI + PostgreSQL query,"VibeFlow is authoritative for Home / Project switcher state/policy; external IDs are references, never the source of VibeFlow truth.",Functional + security tests,NOT_STARTED
VF-EXP-005,01 Experience surfaces and navigation,EXP,Connections Center,REPLIT-DERIVED-REQUIREMENT,R2V-005,Integrations management surface,DOCUMENTED,OWN,P1,Custom UI + MCP catalog,"VibeFlow is authoritative for Connections Center state/policy; external IDs are references, never the source of VibeFlow truth.",Functional + security tests,NOT_STARTED
VF-EXP-006,01 Experience surfaces and navigation,EXP,Mobile Preview Capability,REPLIT-DERIVED-REQUIREMENT,R2V-006,Native mobile artifact preview,DOCUMENTED,BRIDGE,P1,Expo + Android Emulator + provider capability,"External/provider implementation remains authoritative; VibeFlow owns binding, grants, policy, normalized state and evidence for Mobile Preview Capability.",Functional + security tests,NOT_STARTED
VF-EXP-007,01 Experience surfaces and navigation,EXP,Action Center + push status,REPLIT-DERIVED-REQUIREMENT,R2V-007,Notifications / Live Activities,PACKAGE-PROVEN,OWN,P1,APNs/FCM + Expo Notifications,"VibeFlow is authoritative for Action Center + push status state/policy; external IDs are references, never the source of VibeFlow truth.",Functional + security tests,NOT_STARTED
VF-EXP-008,01 Experience surfaces and navigation,EXP,Preview Pane,REPLIT-DERIVED-REQUIREMENT,R2V-008,Preview surface,DOCUMENTED,BRIDGE,P1,iframe/WebView + workspace preview adapter,"External/provider implementation remains authoritative; VibeFlow owns binding, grants, policy, normalized state and evidence for Preview Pane.",Functional + security tests,NOT_STARTED
VF-EXP-009,01 Experience surfaces and navigation,EXP,Project Overview,REPLIT-DERIVED-REQUIREMENT,R2V-009,Project cover / project information,PACKAGE-PROVEN,OWN,P1,Custom UI,"VibeFlow is authoritative for Project Overview state/policy; external IDs are references, never the source of VibeFlow truth.",Functional + security tests,NOT_STARTED
VF-EXP-010,01 Experience surfaces and navigation,EXP,Provider-neutral Workspace Surface,REPLIT-DERIVED-REQUIREMENT,R2V-010,Project Editor,DOCUMENTED,OWN,P1,Monaco/code-server/xterm.js + custom shell,"VibeFlow is authoritative for Provider-neutral Workspace Surface state/policy; external IDs are references, never the source of VibeFlow truth.",Functional + security tests,NOT_STARTED
VF-EXP-011,01 Experience surfaces and navigation,EXP,Command/Search Palette,REPLIT-DERIVED-REQUIREMENT,R2V-011,Search / command surface,DOCUMENTED,OWN,P1,cmdk/Monaco command APIs + custom registry,"VibeFlow is authoritative for Command/Search Palette state/policy; external IDs are references, never the source of VibeFlow truth.",Functional + security tests,NOT_STARTED
VF-EXP-012,01 Experience surfaces and navigation,EXP,Assurance Center,REPLIT-DERIVED-REQUIREMENT,R2V-012,Security center surface,DOCUMENTED,OWN,P1,Custom UI + scanner adapters,"VibeFlow is authoritative for Assurance Center state/policy; external IDs are references, never the source of VibeFlow truth.",Functional + security tests,NOT_STARTED
VF-EXP-013,01 Experience surfaces and navigation,EXP,Account & Billing,REPLIT-DERIVED-REQUIREMENT,R2V-013,Settings/account/billing surface,CORROBORATED,OWN,P1,Native + web business portal,"VibeFlow is authoritative for Account & Billing state/policy; external IDs are references, never the source of VibeFlow truth.",Functional + security tests,NOT_STARTED
VF-EXP-014,01 Experience surfaces and navigation,EXP,Task Activity Center,REPLIT-DERIVED-REQUIREMENT,R2V-014,Task activity / progress surface,DOCUMENTED,OWN,P1,Custom task/event UI,"VibeFlow is authoritative for Task Activity Center state/policy; external IDs are references, never the source of VibeFlow truth.",Functional + security tests,NOT_STARTED
VF-EXP-015,01 Experience surfaces and navigation,EXP,Capability Dock,REPLIT-DERIVED-REQUIREMENT,R2V-015,Tool dock / all-tools launcher,DOCUMENTED,OWN,P1,Custom capability registry UI,"VibeFlow is authoritative for Capability Dock state/policy; external IDs are references, never the source of VibeFlow truth.",Functional + security tests,NOT_STARTED
VF-EXP-016,01 Experience surfaces and navigation,EXP,Secure Workspace Web Surface,REPLIT-DERIVED-REQUIREMENT,R2V-016,Workspace WebView on mobile,PACKAGE-PROVEN,BRIDGE,P1,react-native-webview + custom bridge,"VibeFlow is authoritative for Secure Workspace Web Surface state/policy; external IDs are references, never the source of VibeFlow truth.",Functional + security tests,NOT_STARTED
VF-MOB-001,02 Mobile native client and device integration,MOB,Device Geometry Capability,REPLIT-DERIVED-REQUIREMENT,R2V-017,Android navigation mode detection,PACKAGE-PROVEN,OWN,P1,Expo native module / Android Settings API,"VibeFlow is authoritative for Device Geometry Capability state/policy; external IDs are references, never the source of VibeFlow truth.",Device/native integration tests + permission/security review,NOT_STARTED
VF-MOB-002,02 Mobile native client and device integration,MOB,Extension Shared Container,REPLIT-DERIVED-REQUIREMENT,R2V-018,App group / shared iOS container,PACKAGE-PROVEN,DEFER,P1,Apple App Groups,Not a greenfield core authority; no foundational dependency on this capability.,Device/native integration tests + permission/security review,NOT_STARTED
VF-MOB-003,02 Mobile native client and device integration,MOB,Lifecycle-bound Device Observers,REPLIT-DERIVED-REQUIREMENT,R2V-019,App lifecycle integration for keyboard observers,PACKAGE-PROVEN,OWN,P1,Expo module lifecycle APIs,"VibeFlow is authoritative for Lifecycle-bound Device Observers state/policy; external IDs are references, never the source of VibeFlow truth.",Device/native integration tests + permission/security review,NOT_STARTED
VF-MOB-004,02 Mobile native client and device integration,MOB,Local approval unlock,REPLIT-DERIVED-REQUIREMENT,R2V-020,Biometric re-authentication,PACKAGE-PROVEN,ADOPT,P1,Platform biometrics,Adopt commodity/open mechanism; VibeFlow stores only product-level metadata/policy for Local approval unlock.,Device/native integration tests + permission/security review,NOT_STARTED
VF-MOB-005,02 Mobile native client and device integration,MOB,Context attachment,REPLIT-DERIVED-REQUIREMENT,R2V-021,Camera/photo attachment,PACKAGE-PROVEN,ADOPT,P1,Expo camera/image picker,Adopt commodity/open mechanism; VibeFlow stores only product-level metadata/policy for Context attachment.,Device/native integration tests + permission/security review,NOT_STARTED
VF-MOB-006,02 Mobile native client and device integration,MOB,Signed/declarative deep-link router,REPLIT-DERIVED-REQUIREMENT,R2V-022,Deep links/app links,PACKAGE-PROVEN,OWN,P1,Platform App Links/Universal Links,"VibeFlow is authoritative for Signed/declarative deep-link router state/policy; external IDs are references, never the source of VibeFlow truth.",Device/native integration tests + permission/security review,NOT_STARTED
VF-MOB-007,02 Mobile native client and device integration,MOB,Mobile Bootstrap,REPLIT-DERIVED-REQUIREMENT,R2V-023,Expo splash / ReactActivity delegate integration,PACKAGE-PROVEN,ADOPT,P1,Expo + React Native,Adopt commodity/open mechanism; VibeFlow stores only product-level metadata/policy for Mobile Bootstrap.,Device/native integration tests + permission/security review,NOT_STARTED
VF-MOB-008,02 Mobile native client and device integration,MOB,Mobile runtime,REPLIT-DERIVED-REQUIREMENT,R2V-024,Expo/React Native runtime,PACKAGE-PROVEN,ADOPT,P1,Expo + React Native + Hermes,Adopt commodity/open mechanism; VibeFlow stores only product-level metadata/policy for Mobile runtime.,Device/native integration tests + permission/security review,NOT_STARTED
VF-MOB-009,02 Mobile native client and device integration,MOB,Artifact download/share,REPLIT-DERIVED-REQUIREMENT,R2V-025,File download/share,PACKAGE-PROVEN,OWN,P1,Platform share/download APIs,"VibeFlow is authoritative for Artifact download/share state/policy; external IDs are references, never the source of VibeFlow truth.",Device/native integration tests + permission/security review,NOT_STARTED
VF-MOB-010,02 Mobile native client and device integration,MOB,Live Execution Status,REPLIT-DERIVED-REQUIREMENT,R2V-026,iOS Live Activities with frequent updates,PACKAGE-PROVEN,BRIDGE,P1,ActivityKit via Expo target/native module,"External/provider implementation remains authoritative; VibeFlow owns binding, grants, policy, normalized state and evidence for Live Execution Status.",Device/native integration tests + permission/security review,NOT_STARTED
VF-MOB-011,02 Mobile native client and device integration,MOB,RN Runtime Bootstrap,REPLIT-DERIVED-REQUIREMENT,R2V-027,New Architecture/Fabric-capable React Native bootstrap,PACKAGE-PROVEN,ADOPT,P1,Expo/React Native,Adopt commodity/open mechanism; VibeFlow stores only product-level metadata/policy for RN Runtime Bootstrap.,Device/native integration tests + permission/security review,NOT_STARTED
VF-MOB-012,02 Mobile native client and device integration,MOB,Signed update channel,REPLIT-DERIVED-REQUIREMENT,R2V-028,OTA update channel,PACKAGE-PROVEN,OWN,P1,expo-updates,"VibeFlow is authoritative for Signed update channel state/policy; external IDs are references, never the source of VibeFlow truth.",Device/native integration tests + permission/security review,NOT_STARTED
VF-MOB-013,02 Mobile native client and device integration,MOB,Keyboard capability adapter,REPLIT-DERIVED-REQUIREMENT,R2V-029,Physical keyboard support,PACKAGE-PROVEN,OWN,P1,Native module + RN APIs,"VibeFlow is authoritative for Keyboard capability adapter state/policy; external IDs are references, never the source of VibeFlow truth.",Device/native integration tests + permission/security review,NOT_STARTED
VF-MOB-014,02 Mobile native client and device integration,MOB,Hardware Keyboard State,REPLIT-DERIVED-REQUIREMENT,R2V-030,Physical-keyboard connection event,PACKAGE-PROVEN,OWN,P1,Expo native module,"VibeFlow is authoritative for Hardware Keyboard State state/policy; external IDs are references, never the source of VibeFlow truth.",Device/native integration tests + permission/security review,NOT_STARTED
VF-MOB-015,02 Mobile native client and device integration,MOB,Background Notification Worker,REPLIT-DERIVED-REQUIREMENT,R2V-031,Remote-notification background mode,PACKAGE-PROVEN,OWN,P1,Expo Notifications/APNs/FCM,"VibeFlow is authoritative for Background Notification Worker state/policy; external IDs are references, never the source of VibeFlow truth.",Device/native integration tests + permission/security review,NOT_STARTED
VF-MOB-016,02 Mobile native client and device integration,MOB,Device posture signal,REPLIT-DERIVED-REQUIREMENT,R2V-032,Rooted-device detection,PACKAGE-PROVEN,DEFER,P1,Platform checks,Not a greenfield core authority; no foundational dependency on this capability.,Device/native integration tests + permission/security review,NOT_STARTED
VF-MOB-017,02 Mobile native client and device integration,MOB,Screen Geometry State,REPLIT-DERIVED-REQUIREMENT,R2V-033,Rounded screen corner detection,PACKAGE-PROVEN,OWN,P1,Android Display APIs,"VibeFlow is authoritative for Screen Geometry State state/policy; external IDs are references, never the source of VibeFlow truth.",Device/native integration tests + permission/security review,NOT_STARTED
VF-MOB-018,02 Mobile native client and device integration,MOB,Secure device credential store,REPLIT-DERIVED-REQUIREMENT,R2V-034,Secure local storage,PACKAGE-PROVEN,ADOPT,P1,expo-secure-store / Keychain/Keystore,Adopt commodity/open mechanism; VibeFlow stores only product-level metadata/policy for Secure device credential store.,Device/native integration tests + permission/security review,NOT_STARTED
VF-MOB-019,02 Mobile native client and device integration,MOB,Keyboard state bridge event,REPLIT-DERIVED-REQUIREMENT,R2V-035,Software keyboard state,PACKAGE-PROVEN,OWN,P1,Versioned bridge message,"VibeFlow is authoritative for Keyboard state bridge event state/policy; external IDs are references, never the source of VibeFlow truth.",Device/native integration tests + permission/security review,NOT_STARTED
VF-MOB-020,02 Mobile native client and device integration,MOB,Review prompt,REPLIT-DERIVED-REQUIREMENT,R2V-036,Store review prompt,PACKAGE-PROVEN,REJECT/OMIT,P1,Platform API,Not a greenfield core authority; no foundational dependency on this capability.,Device/native integration tests + permission/security review,NOT_STARTED
VF-MOB-021,02 Mobile native client and device integration,MOB,Safe Interaction Insets,REPLIT-DERIVED-REQUIREMENT,R2V-037,Tappable-element bottom inset detection,PACKAGE-PROVEN,OWN,P1,Android WindowInsets,"VibeFlow is authoritative for Safe Interaction Insets state/policy; external IDs are references, never the source of VibeFlow truth.",Device/native integration tests + permission/security review,NOT_STARTED
VF-MOB-022,02 Mobile native client and device integration,MOB,Privacy-safe Attribution Gate,REPLIT-DERIVED-REQUIREMENT,R2V-038,Tracking transparency / attribution permission,PACKAGE-PROVEN,REJECT/OMIT,P1,Platform ATT + optional attribution provider,Not a greenfield core authority; no foundational dependency on this capability.,Device/native integration tests + permission/security review,NOT_STARTED
VF-MOB-023,02 Mobile native client and device integration,MOB,Voice context input,REPLIT-DERIVED-REQUIREMENT,R2V-039,Voice/audio capture,PACKAGE-PROVEN,ADOPT,P1,Expo Audio + speech provider,Adopt commodity/open mechanism; VibeFlow stores only product-level metadata/policy for Voice context input.,Device/native integration tests + permission/security review,NOT_STARTED
VF-BRG-001,03 Native-web workspace bridge,BRG,ACK/result contract,REPLIT-DERIVED-REQUIREMENT,R2V-040,ACK semantics,PACKAGE-PROVEN,OWN,P1,Typed request/result envelope,"VibeFlow is authoritative for ACK/result contract state/policy; external IDs are references, never the source of VibeFlow truth.",Bridge schema/version/origin/idempotency conformance + device E2E,NOT_STARTED
VF-BRG-002,03 Native-web workspace bridge,BRG,Bridge telemetry,REPLIT-DERIVED-REQUIREMENT,R2V-041,Bridge performance tracing,PACKAGE-PROVEN,OWN,P0,OpenTelemetry custom spans,"VibeFlow is authoritative for Bridge telemetry state/policy; external IDs are references, never the source of VibeFlow truth.",Bridge schema/version/origin/idempotency conformance + device E2E,NOT_STARTED
VF-BRG-003,03 Native-web workspace bridge,BRG,Strict envelope/schema validation,REPLIT-DERIVED-REQUIREMENT,R2V-042,Bridge schema validation,PACKAGE-PROVEN,OWN,P0,JSON Schema/Zod,"VibeFlow is authoritative for Strict envelope/schema validation state/policy; external IDs are references, never the source of VibeFlow truth.",Bridge schema/version/origin/idempotency conformance + device E2E,NOT_STARTED
VF-BRG-004,03 Native-web workspace bridge,BRG,Bridge Trace Context,REPLIT-DERIVED-REQUIREMENT,R2V-043,Bridge telemetry correlation,PACKAGE-PROVEN,OWN,P0,OpenTelemetry trace/span IDs,"VibeFlow is authoritative for Bridge Trace Context state/policy; external IDs are references, never the source of VibeFlow truth.",Bridge schema/version/origin/idempotency conformance + device E2E,NOT_STARTED
VF-BRG-005,03 Native-web workspace bridge,BRG,Web Surface Health State,REPLIT-DERIVED-REQUIREMENT,R2V-044,Bridge WebView lifecycle/error handling,PACKAGE-PROVEN,OWN,P0,react-native-webview + telemetry,"VibeFlow is authoritative for Web Surface Health State state/policy; external IDs are references, never the source of VibeFlow truth.",Bridge schema/version/origin/idempotency conformance + device E2E,NOT_STARTED
VF-BRG-006,03 Native-web workspace bridge,BRG,Low-latency Device State Dispatch,REPLIT-DERIVED-REQUIREMENT,R2V-045,Bridge worklet keyboard dispatch,PACKAGE-PROVEN,OWN,P0,RN worklets/native event transport,"VibeFlow is authoritative for Low-latency Device State Dispatch state/policy; external IDs are references, never the source of VibeFlow truth.",Bridge schema/version/origin/idempotency conformance + device E2E,NOT_STARTED
VF-BRG-007,03 Native-web workspace bridge,BRG,EditorState projection,REPLIT-DERIVED-REQUIREMENT,R2V-046,Editor state projection,PACKAGE-PROVEN,OWN,P0,Schema + revision token,"VibeFlow is authoritative for EditorState projection state/policy; external IDs are references, never the source of VibeFlow truth.",Bridge schema/version/origin/idempotency conformance + device E2E,NOT_STARTED
VF-BRG-008,03 Native-web workspace bridge,BRG,ConnectionRefresh action,REPLIT-DERIVED-REQUIREMENT,R2V-047,Git refresh connection,PACKAGE-PROVEN,OWN,P1,Connection service,"VibeFlow is authoritative for ConnectionRefresh action state/policy; external IDs are references, never the source of VibeFlow truth.",Bridge schema/version/origin/idempotency conformance + device E2E,NOT_STARTED
VF-BRG-009,03 Native-web workspace bridge,BRG,Direction-bound envelope,REPLIT-DERIVED-REQUIREMENT,R2V-048,Message direction,PACKAGE-PROVEN,OWN,P1,Typed enum,"VibeFlow is authoritative for Direction-bound envelope state/policy; external IDs are references, never the source of VibeFlow truth.",Bridge schema/version/origin/idempotency conformance + device E2E,NOT_STARTED
VF-BRG-010,03 Native-web workspace bridge,BRG,message_id + correlation_id,REPLIT-DERIVED-REQUIREMENT,R2V-049,Message identity,PACKAGE-PROVEN,OWN,P1,UUID/ULID,"VibeFlow is authoritative for message_id + correlation_id state/policy; external IDs are references, never the source of VibeFlow truth.",Bridge schema/version/origin/idempotency conformance + device E2E,NOT_STARTED
VF-BRG-011,03 Native-web workspace bridge,BRG,Bridge Version Negotiation,REPLIT-DERIVED-REQUIREMENT,R2V-050,Native bridge protocol version literal,PACKAGE-PROVEN,OWN,P0,Typed schema + semver/capability negotiation,"VibeFlow is authoritative for Bridge Version Negotiation state/policy; external IDs are references, never the source of VibeFlow truth.",Bridge schema/version/origin/idempotency conformance + device E2E,NOT_STARTED
VF-BRG-012,03 Native-web workspace bridge,BRG,DeviceLayoutState,REPLIT-DERIVED-REQUIREMENT,R2V-051,Native dimensions/safe-area state,PACKAGE-PROVEN,OWN,P1,Schema + platform APIs,"VibeFlow is authoritative for DeviceLayoutState state/policy; external IDs are references, never the source of VibeFlow truth.",Bridge schema/version/origin/idempotency conformance + device E2E,NOT_STARTED
VF-BRG-013,03 Native-web workspace bridge,BRG,Privileged Native Action Request,REPLIT-DERIVED-REQUIREMENT,R2V-052,Native review request over bridge,PACKAGE-PROVEN,REJECT/OMIT,P0,Typed bridge + platform API,Not a greenfield core authority; no foundational dependency on this capability.,Bridge schema/version/origin/idempotency conformance + device E2E,NOT_STARTED
VF-BRG-014,03 Native-web workspace bridge,BRG,OAuth Broker UI handoff,REPLIT-DERIVED-REQUIREMENT,R2V-053,OAuth relay,PACKAGE-PROVEN,OWN,P0,OAuth/OIDC broker,"VibeFlow is authoritative for OAuth Broker UI handoff state/policy; external IDs are references, never the source of VibeFlow truth.",Bridge schema/version/origin/idempotency conformance + device E2E,NOT_STARTED
VF-BRG-015,03 Native-web workspace bridge,BRG,Origin + account/project/workspace binding,REPLIT-DERIVED-REQUIREMENT,R2V-054,Origin/auth binding,UNKNOWN/PRIVATE,OWN,P0,WebView allowlist + signed session capability,"VibeFlow is authoritative for Origin + account/project/workspace binding state/policy; external IDs are references, never the source of VibeFlow truth.",Bridge schema/version/origin/idempotency conformance + device E2E,NOT_STARTED
VF-BRG-016,03 Native-web workspace bridge,BRG,EntitlementUpsellRequest,REPLIT-DERIVED-REQUIREMENT,R2V-055,Payment/upsell bridge,PACKAGE-PROVEN,OWN,P0,Business system route,"VibeFlow is authoritative for EntitlementUpsellRequest state/policy; external IDs are references, never the source of VibeFlow truth.",Bridge schema/version/origin/idempotency conformance + device E2E,NOT_STARTED
VF-BRG-017,03 Native-web workspace bridge,BRG,Permission Broker,REPLIT-DERIVED-REQUIREMENT,R2V-056,Permission request/result,PACKAGE-PROVEN,OWN,P1,Capability policy + platform permissions,"VibeFlow is authoritative for Permission Broker state/policy; external IDs are references, never the source of VibeFlow truth.",Bridge schema/version/origin/idempotency conformance + device E2E,NOT_STARTED
VF-BRG-018,03 Native-web workspace bridge,BRG,Nonce/sequence/idempotency policy,REPLIT-DERIVED-REQUIREMENT,R2V-057,Replay resistance/idempotency,UNKNOWN/PRIVATE,OWN,P1,Remote/bridge session state,"VibeFlow is authoritative for Nonce/sequence/idempotency policy state/policy; external IDs are references, never the source of VibeFlow truth.",Bridge schema/version/origin/idempotency conformance + device E2E,NOT_STARTED
VF-BRG-019,03 Native-web workspace bridge,BRG,TerminalCommand,REPLIT-DERIVED-REQUIREMENT,R2V-058,Shell commands/input/paste,PACKAGE-PROVEN,OWN,P1,PTY capability adapter,"VibeFlow is authoritative for TerminalCommand state/policy; external IDs are references, never the source of VibeFlow truth.",Bridge schema/version/origin/idempotency conformance + device E2E,NOT_STARTED
VF-BRG-020,03 Native-web workspace bridge,BRG,EditorAction command,REPLIT-DERIVED-REQUIREMENT,R2V-059,Text editor actions,PACKAGE-PROVEN,OWN,P1,Typed command schema,"VibeFlow is authoritative for EditorAction command state/policy; external IDs are references, never the source of VibeFlow truth.",Bridge schema/version/origin/idempotency conformance + device E2E,NOT_STARTED
VF-BRG-021,03 Native-web workspace bridge,BRG,VibeFlow Workspace Bridge Protocol,REPLIT-DERIVED-REQUIREMENT,R2V-060,Versioned bridge protocol,PACKAGE-PROVEN,OWN,P0,JSON Schema/Zod/Protobuf envelope,"VibeFlow is authoritative for VibeFlow Workspace Bridge Protocol state/policy; external IDs are references, never the source of VibeFlow truth.",Bridge schema/version/origin/idempotency conformance + device E2E,NOT_STARTED
VF-BRG-022,03 Native-web workspace bridge,BRG,WorkspaceAction command,REPLIT-DERIVED-REQUIREMENT,R2V-061,Workspace actions/open pane,PACKAGE-PROVEN,OWN,P0,Capability-driven command registry,"VibeFlow is authoritative for WorkspaceAction command state/policy; external IDs are references, never the source of VibeFlow truth.",Bridge schema/version/origin/idempotency conformance + device E2E,NOT_STARTED
VF-BRG-023,03 Native-web workspace bridge,BRG,Capability Invocation Envelope,REPLIT-DERIVED-REQUIREMENT,R2V-062,Workspace open-pane request family,PACKAGE-PROVEN,OWN,P0,Typed bridge command registry,"VibeFlow is authoritative for Capability Invocation Envelope state/policy; external IDs are references, never the source of VibeFlow truth.",Bridge schema/version/origin/idempotency conformance + device E2E,NOT_STARTED
VF-BRG-024,03 Native-web workspace bridge,BRG,WorkspaceState projection,REPLIT-DERIVED-REQUIREMENT,R2V-063,Workspace state request/response,PACKAGE-PROVEN,OWN,P0,Versioned schema,"VibeFlow is authoritative for WorkspaceState projection state/policy; external IDs are references, never the source of VibeFlow truth.",Bridge schema/version/origin/idempotency conformance + device E2E,NOT_STARTED
VF-IAM-001,"04 Identity, organizations, tenancy and authorization",IAM,Deletion Orchestrator,REPLIT-DERIVED-REQUIREMENT,R2V-064,Account deletion/data lifecycle,PACKAGE-PROVEN,OWN,P1,Workflow engine,"VibeFlow is authoritative for Deletion Orchestrator state/policy; external IDs are references, never the source of VibeFlow truth.",AuthN/AuthZ tenant-isolation tests + audit evidence,NOT_STARTED
VF-IAM-002,"04 Identity, organizations, tenancy and authorization",IAM,App Auth Provider Binding,REPLIT-DERIVED-REQUIREMENT,R2V-065,App-level authentication separate from builder auth,DOCUMENTED,BRIDGE,P0,Clerk/Replit Auth/OIDC adapters,"External/provider implementation remains authoritative; VibeFlow owns binding, grants, policy, normalized state and evidence for App Auth Provider Binding.",AuthN/AuthZ tenant-isolation tests + audit evidence,NOT_STARTED
VF-IAM-003,"04 Identity, organizations, tenancy and authorization",IAM,App Identity Adapter,REPLIT-DERIVED-REQUIREMENT,R2V-066,Application SSO/OAuth provider configuration,DOCUMENTED,BRIDGE,P0,OIDC/SAML provider adapters,"External/provider implementation remains authoritative; VibeFlow owns binding, grants, policy, normalized state and evidence for App Identity Adapter.",AuthN/AuthZ tenant-isolation tests + audit evidence,NOT_STARTED
VF-IAM-004,"04 Identity, organizations, tenancy and authorization",IAM,Audit Event Ledger,REPLIT-DERIVED-REQUIREMENT,R2V-067,Audit logs,DOCUMENTED,OWN,P1,OpenTelemetry/audit DB; WorkOS optional,"VibeFlow is authoritative for Audit Event Ledger state/policy; external IDs are references, never the source of VibeFlow truth.",AuthN/AuthZ tenant-isolation tests + audit evidence,IMPLEMENTED
VF-IAM-005,"04 Identity, organizations, tenancy and authorization",IAM,VibeFlow Session,REPLIT-DERIVED-REQUIREMENT,R2V-068,Builder account session refresh,PACKAGE-PROVEN,OWN,P1,Better Auth/OIDC + custom account authority,"VibeFlow is authoritative for VibeFlow Session state/policy; external IDs are references, never the source of VibeFlow truth.",AuthN/AuthZ tenant-isolation tests + audit evidence,IMPLEMENTED
VF-IAM-006,"04 Identity, organizations, tenancy and authorization",IAM,VibeFlow Account Identity,REPLIT-DERIVED-REQUIREMENT,R2V-069,Email/password account auth,PACKAGE-PROVEN,OWN,P0,Better Auth / OIDC,"VibeFlow is authoritative for VibeFlow Account Identity state/policy; external IDs are references, never the source of VibeFlow truth.",AuthN/AuthZ tenant-isolation tests + audit evidence,IMPLEMENTED
VF-IAM-007,"04 Identity, organizations, tenancy and authorization",IAM,Federated Login,REPLIT-DERIVED-REQUIREMENT,R2V-070,Google/Apple/GitHub native SSO,PACKAGE-PROVEN,ADOPT,P1,OIDC/OAuth providers,Adopt commodity/open mechanism; VibeFlow stores only product-level metadata/policy for Federated Login.,AuthN/AuthZ tenant-isolation tests + audit evidence,NOT_STARTED
VF-IAM-008,"04 Identity, organizations, tenancy and authorization",IAM,MFA / verification,REPLIT-DERIVED-REQUIREMENT,R2V-071,MFA / verification,PACKAGE-PROVEN,ADOPT,P0,WebAuthn/TOTP/email verification libraries,Adopt commodity/open mechanism; VibeFlow stores only product-level metadata/policy for MFA / verification.,AuthN/AuthZ tenant-isolation tests + audit evidence,NOT_STARTED
VF-IAM-009,"04 Identity, organizations, tenancy and authorization",IAM,OAuth Callback Broker,REPLIT-DERIVED-REQUIREMENT,R2V-072,Native OAuth callback routing,PACKAGE-PROVEN,OWN,P0,App Links/Universal Links + PKCE,"VibeFlow is authoritative for OAuth Callback Broker state/policy; external IDs are references, never the source of VibeFlow truth.",AuthN/AuthZ tenant-isolation tests + audit evidence,NOT_STARTED
VF-IAM-010,"04 Identity, organizations, tenancy and authorization",IAM,Project ownership,REPLIT-DERIVED-REQUIREMENT,R2V-073,Project ownership,PACKAGE-PROVEN,OWN,P0,Canonical resource graph,"VibeFlow is authoritative for Project ownership state/policy; external IDs are references, never the source of VibeFlow truth.",AuthN/AuthZ tenant-isolation tests + audit evidence,IMPLEMENTED
VF-IAM-011,"04 Identity, organizations, tenancy and authorization",IAM,Resource policy,REPLIT-DERIVED-REQUIREMENT,R2V-074,Resource visibility/private access,DOCUMENTED,OWN,P1,OpenFGA + gateway,"VibeFlow is authoritative for Resource policy state/policy; external IDs are references, never the source of VibeFlow truth.",AuthN/AuthZ tenant-isolation tests + audit evidence,IN_PROGRESS
VF-IAM-012,"04 Identity, organizations, tenancy and authorization",IAM,Role/Group binding,REPLIT-DERIVED-REQUIREMENT,R2V-075,Roles/groups,DOCUMENTED,OWN,P1,OpenFGA,"VibeFlow is authoritative for Role/Group binding state/policy; external IDs are references, never the source of VibeFlow truth.",AuthN/AuthZ tenant-isolation tests + audit evidence,NOT_STARTED
VF-IAM-013,"04 Identity, organizations, tenancy and authorization",IAM,Enterprise SSO,REPLIT-DERIVED-REQUIREMENT,R2V-076,SAML SSO,CORROBORATED,BRIDGE,P1,WorkOS / Auth0 / Zitadel,Authority assigned explicitly at implementation time; provider state is never silently promoted to VibeFlow truth.,AuthN/AuthZ tenant-isolation tests + audit evidence,NOT_STARTED
VF-IAM-014,"04 Identity, organizations, tenancy and authorization",IAM,Enterprise Provisioning,REPLIT-DERIVED-REQUIREMENT,R2V-077,SCIM lifecycle provisioning,DOCUMENTED,DEFER,P1,SCIM 2.0,Not a greenfield core authority; no foundational dependency on this capability.,AuthN/AuthZ tenant-isolation tests + audit evidence,NOT_STARTED
VF-IAM-015,"04 Identity, organizations, tenancy and authorization",IAM,Org Role/Seat Policy,REPLIT-DERIVED-REQUIREMENT,R2V-078,Viewer-seat / restricted enterprise role,DOCUMENTED,DEFER,P1,Custom RBAC + OpenFGA,Not a greenfield core authority; no foundational dependency on this capability.,AuthN/AuthZ tenant-isolation tests + audit evidence,NOT_STARTED
VF-IAM-016,"04 Identity, organizations, tenancy and authorization",IAM,Organization + Membership,REPLIT-DERIVED-REQUIREMENT,R2V-079,Workspace/organization membership,DOCUMENTED,OWN,P0,PostgreSQL + OpenFGA,"VibeFlow is authoritative for Organization + Membership state/policy; external IDs are references, never the source of VibeFlow truth.",AuthN/AuthZ tenant-isolation tests + audit evidence,IN_PROGRESS
VF-PRJ-001,"05 Projects, artifacts, imports and lifecycle",PRJ,Artifact Registry,REPLIT-DERIVED-REQUIREMENT,R2V-080,Artifact Library/sidebar,DOCUMENTED,OWN,P1,Object metadata + blob adapter,"VibeFlow is authoritative for Artifact Registry state/policy; external IDs are references, never the source of VibeFlow truth.",Resource ownership + import integrity + lifecycle tests,NOT_STARTED
VF-PRJ-002,"05 Projects, artifacts, imports and lifecycle",PRJ,ArtifactVersion,REPLIT-DERIVED-REQUIREMENT,R2V-081,Artifact lifecycle,DOCUMENTED,OWN,P1,Content-addressed metadata,"VibeFlow is authoritative for ArtifactVersion state/policy; external IDs are references, never the source of VibeFlow truth.",Resource ownership + import integrity + lifecycle tests,NOT_STARTED
VF-PRJ-003,"05 Projects, artifacts, imports and lifecycle",PRJ,ArtifactGraph,REPLIT-DERIVED-REQUIREMENT,R2V-082,Artifact relationships,DOCUMENTED,DEFER,P1,Graph metadata,Not a greenfield core authority; no foundational dependency on this capability.,Resource ownership + import integrity + lifecycle tests,NOT_STARTED
VF-PRJ-004,"05 Projects, artifacts, imports and lifecycle",PRJ,Project Archive Import,REPLIT-DERIVED-REQUIREMENT,R2V-083,Direct file upload import,DOCUMENTED,OWN,P1,ZIP/tar upload + scanner,"VibeFlow is authoritative for Project Archive Import state/policy; external IDs are references, never the source of VibeFlow truth.",Resource ownership + import integrity + lifecycle tests,IMPLEMENTED
VF-PRJ-005,"05 Projects, artifacts, imports and lifecycle",PRJ,Unbound/empty Project,REPLIT-DERIVED-REQUIREMENT,R2V-084,Empty project,DOCUMENTED,OWN,P0,Canonical resource,"VibeFlow is authoritative for Unbound/empty Project state/policy; external IDs are references, never the source of VibeFlow truth.",Resource ownership + import integrity + lifecycle tests,IMPLEMENTED
VF-PRJ-006,"05 Projects, artifacts, imports and lifecycle",PRJ,Project Collection/Labels,REPLIT-DERIVED-REQUIREMENT,R2V-085,Folders/project organization,PACKAGE-PROVEN,OWN,P0,PostgreSQL,"VibeFlow is authoritative for Project Collection/Labels state/policy; external IDs are references, never the source of VibeFlow truth.",Resource ownership + import integrity + lifecycle tests,NOT_STARTED
VF-PRJ-007,"05 Projects, artifacts, imports and lifecycle",PRJ,Project Clone Plan,REPLIT-DERIVED-REQUIREMENT,R2V-086,Fork/remix/template,PACKAGE-PROVEN,OWN,P1,Provider snapshot + Git fork,"VibeFlow is authoritative for Project Clone Plan state/policy; external IDs are references, never the source of VibeFlow truth.",Resource ownership + import integrity + lifecycle tests,IMPLEMENTED
VF-PRJ-008,"05 Projects, artifacts, imports and lifecycle",PRJ,Repository Import Adapter,REPLIT-DERIVED-REQUIREMENT,R2V-087,Import from Bitbucket,DOCUMENTED,BRIDGE,P1,Bitbucket API/Git,"External/provider implementation remains authoritative; VibeFlow owns binding, grants, policy, normalized state and evidence for Repository Import Adapter.",Resource ownership + import integrity + lifecycle tests,NOT_STARTED
VF-PRJ-009,"05 Projects, artifacts, imports and lifecycle",PRJ,Builder Migration Adapter,REPLIT-DERIVED-REQUIREMENT,R2V-088,Import from Bolt/Lovable/Base44,DOCUMENTED,DEFER,P1,Git import + source normalization,Not a greenfield core authority; no foundational dependency on this capability.,Resource ownership + import integrity + lifecycle tests,NOT_STARTED
VF-PRJ-010,"05 Projects, artifacts, imports and lifecycle",PRJ,Design Import Adapter,REPLIT-DERIVED-REQUIREMENT,R2V-089,Import from Figma,DOCUMENTED,DEFER,P1,Figma API/MCP + codegen agent,Not a greenfield core authority; no foundational dependency on this capability.,Resource ownership + import integrity + lifecycle tests,NOT_STARTED
VF-PRJ-011,"05 Projects, artifacts, imports and lifecycle",PRJ,Deployment-to-Repo Import Helper,REPLIT-DERIVED-REQUIREMENT,R2V-090,Import from Vercel project source,DOCUMENTED,BRIDGE,P0,Vercel/GitHub APIs,"External/provider implementation remains authoritative; VibeFlow owns binding, grants, policy, normalized state and evidence for Deployment-to-Repo Import Helper.",Resource ownership + import integrity + lifecycle tests,NOT_STARTED
VF-PRJ-012,"05 Projects, artifacts, imports and lifecycle",PRJ,RepositoryBinding import,REPLIT-DERIVED-REQUIREMENT,R2V-091,Import GitHub repository,CORROBORATED,BRIDGE,P1,GitHub API + Git,"External/provider implementation remains authoritative; VibeFlow owns binding, grants, policy, normalized state and evidence for RepositoryBinding import.",Resource ownership + import integrity + lifecycle tests,NOT_STARTED
VF-PRJ-013,"05 Projects, artifacts, imports and lifecycle",PRJ,Artifact,REPLIT-DERIVED-REQUIREMENT,R2V-092,Multiple artifact types,DOCUMENTED,OWN,P1,Typed artifact registry,"VibeFlow is authoritative for Artifact state/policy; external IDs are references, never the source of VibeFlow truth.",Resource ownership + import integrity + lifecycle tests,IMPLEMENTED
VF-PRJ-014,"05 Projects, artifacts, imports and lifecycle",PRJ,ProjectCapabilityProfile,REPLIT-DERIVED-REQUIREMENT,R2V-093,Project capability manifest,INFERRED/ARCHITECTURAL,OWN,P0,Normalized capability registry,"VibeFlow is authoritative for ProjectCapabilityProfile state/policy; external IDs are references, never the source of VibeFlow truth.",Resource ownership + import integrity + lifecycle tests,IMPLEMENTED
VF-PRJ-015,"05 Projects, artifacts, imports and lifecycle",PRJ,Project,REPLIT-DERIVED-REQUIREMENT,R2V-094,Project creation,CORROBORATED,OWN,P0,PostgreSQL,"VibeFlow is authoritative for Project state/policy; external IDs are references, never the source of VibeFlow truth.",Resource ownership + import integrity + lifecycle tests,IMPLEMENTED
VF-PRJ-016,"05 Projects, artifacts, imports and lifecycle",PRJ,Project Profile,REPLIT-DERIVED-REQUIREMENT,R2V-095,Project metadata/cover,PACKAGE-PROVEN,OWN,P0,PostgreSQL + object storage,"VibeFlow is authoritative for Project Profile state/policy; external IDs are references, never the source of VibeFlow truth.",Resource ownership + import integrity + lifecycle tests,IN_PROGRESS
VF-PRJ-017,"05 Projects, artifacts, imports and lifecycle",PRJ,Typed Artifact Graph,REPLIT-DERIVED-REQUIREMENT,R2V-096,Website/mobile/slides/animation/data artifact choice,DOCUMENTED,OWN,P1,Artifact type registry,"VibeFlow is authoritative for Typed Artifact Graph state/policy; external IDs are references, never the source of VibeFlow truth.",Resource ownership + import integrity + lifecycle tests,NOT_STARTED
VF-AGT-001,"06 Agent, task and AI execution",AGT,Agent delegation,REPLIT-DERIVED-REQUIREMENT,R2V-097,A2A delegation,UNKNOWN/PRIVATE,ADOPT,P1,A2A,Adopt commodity/open mechanism; VibeFlow stores only product-level metadata/policy for Agent delegation.,Task/execution durability + agent capability + independent completion verification,NOT_STARTED
VF-AGT-002,"06 Agent, task and AI execution",AGT,Generic agent UI event adapter,REPLIT-DERIVED-REQUIREMENT,R2V-098,AG-UI compatibility,UNKNOWN/PRIVATE,OWN/DECIDE,P1,AG-UI,Authority assigned explicitly at implementation time; provider state is never silently promoted to VibeFlow truth.,Task/execution durability + agent capability + independent completion verification,NOT_STARTED
VF-AGT-003,"06 Agent, task and AI execution",AGT,Agent Session,REPLIT-DERIVED-REQUIREMENT,R2V-099,Agent chat/intention input,DOCUMENTED,BRIDGE,P1,ACP-compatible client,"External/provider implementation remains authoritative; VibeFlow owns binding, grants, policy, normalized state and evidence for Agent Session.",Task/execution durability + agent capability + independent completion verification,NOT_STARTED
VF-AGT-004,"06 Agent, task and AI execution",AGT,AgentContextRef,REPLIT-DERIVED-REQUIREMENT,R2V-100,Agent memory/context,DOCUMENTED,OWN,P1,Provider refs + VibeFlow metadata,"VibeFlow is authoritative for AgentContextRef state/policy; external IDs are references, never the source of VibeFlow truth.",Task/execution durability + agent capability + independent completion verification,NOT_STARTED
VF-AGT-005,"06 Agent, task and AI execution",AGT,Durable Task Input Queue,REPLIT-DERIVED-REQUIREMENT,R2V-101,Agent message queue,DOCUMENTED,OWN,P1,PostgreSQL event/task queue,"VibeFlow is authoritative for Durable Task Input Queue state/policy; external IDs are references, never the source of VibeFlow truth.",Task/execution durability + agent capability + independent completion verification,NOT_STARTED
VF-AGT-006,"06 Agent, task and AI execution",AGT,DiagnosticGrant,REPLIT-DERIVED-REQUIREMENT,R2V-102,Agent production diagnostics,DOCUMENTED,OWN,P1,Time-bound scoped grant,"VibeFlow is authoritative for DiagnosticGrant state/policy; external IDs are references, never the source of VibeFlow truth.",Task/execution durability + agent capability + independent completion verification,NOT_STARTED
VF-AGT-007,"06 Agent, task and AI execution",AGT,AgentEvidence,REPLIT-DERIVED-REQUIREMENT,R2V-103,Agent self-testing,DOCUMENTED,OWN/DECIDE,P1,Test tool adapters,Authority assigned explicitly at implementation time; provider state is never silently promoted to VibeFlow truth.,Task/execution durability + agent capability + independent completion verification,NOT_STARTED
VF-AGT-008,"06 Agent, task and AI execution",AGT,Project/Org Skills,REPLIT-DERIVED-REQUIREMENT,R2V-104,Agent skills/customization,DOCUMENTED,OWN,P1,AGENTS.md + skill manifests,"VibeFlow is authoritative for Project/Org Skills state/policy; external IDs are references, never the source of VibeFlow truth.",Task/execution durability + agent capability + independent completion verification,NOT_STARTED
VF-AGT-009,"06 Agent, task and AI execution",AGT,Execution status event stream,REPLIT-DERIVED-REQUIREMENT,R2V-105,Agent status subscription,PACKAGE-PROVEN,OWN,P1,Remote gateway + durable event log,"VibeFlow is authoritative for Execution status event stream state/policy; external IDs are references, never the source of VibeFlow truth.",Task/execution durability + agent capability + independent completion verification,NOT_STARTED
VF-AGT-010,"06 Agent, task and AI execution",AGT,Verification Policy Preferences,REPLIT-DERIVED-REQUIREMENT,R2V-106,Agent testing/code-review settings,DOCUMENTED,OWN,P1,Policy engine,"VibeFlow is authoritative for Verification Policy Preferences state/policy; external IDs are references, never the source of VibeFlow truth.",Task/execution durability + agent capability + independent completion verification,NOT_STARTED
VF-AGT-011,"06 Agent, task and AI execution",AGT,Tool capability,REPLIT-DERIVED-REQUIREMENT,R2V-107,Agent tools,CORROBORATED,ADOPT,P1,MCP + native agent tools,Adopt commodity/open mechanism; VibeFlow stores only product-level metadata/policy for Tool capability.,Task/execution durability + agent capability + independent completion verification,NOT_STARTED
VF-AGT-012,"06 Agent, task and AI execution",AGT,Agent Application Artifact,REPLIT-DERIVED-REQUIREMENT,R2V-108,Agent-created autonomous applications,DOCUMENTED,BRIDGE,P1,A2A/MCP/agent SDK adapters,"External/provider implementation remains authoritative; VibeFlow owns binding, grants, policy, normalized state and evidence for Agent Application Artifact.",Task/execution durability + agent capability + independent completion verification,NOT_STARTED
VF-AGT-013,"06 Agent, task and AI execution",AGT,Audio Generation Provider Binding,REPLIT-DERIVED-REQUIREMENT,R2V-109,Audio generation tool,DOCUMENTED,DEFER,P3,Audio generation provider adapter,Not a greenfield core authority; no foundational dependency on this capability.,Task/execution durability + agent capability + independent completion verification,NOT_STARTED
VF-AGT-014,"06 Agent, task and AI execution",AGT,Execution,REPLIT-DERIVED-REQUIREMENT,R2V-110,Background Agent execution,CORROBORATED,OWN,P0,Temporal,"VibeFlow is authoritative for Execution state/policy; external IDs are references, never the source of VibeFlow truth.",Task/execution durability + agent capability + independent completion verification,NOT_STARTED
VF-AGT-015,"06 Agent, task and AI execution",AGT,EXECUTE mode,REPLIT-DERIVED-REQUIREMENT,R2V-111,Build Mode,DOCUMENTED,OWN,P1,ACP/provider adapter,"VibeFlow is authoritative for EXECUTE mode state/policy; external IDs are references, never the source of VibeFlow truth.",Task/execution durability + agent capability + independent completion verification,NOT_STARTED
VF-AGT-016,"06 Agent, task and AI execution",AGT,Task Dependency Graph,REPLIT-DERIVED-REQUIREMENT,R2V-112,Follow-up tasks,DOCUMENTED,OWN,P0,Durable task graph,"VibeFlow is authoritative for Task Dependency Graph state/policy; external IDs are references, never the source of VibeFlow truth.",Task/execution durability + agent capability + independent completion verification,NOT_STARTED
VF-AGT-017,"06 Agent, task and AI execution",AGT,General Coding Agent Binding,REPLIT-DERIVED-REQUIREMENT,R2V-113,General Agent across arbitrary supported codebases,DOCUMENTED,BRIDGE,P1,ACP-compatible coding agents,"External/provider implementation remains authoritative; VibeFlow owns binding, grants, policy, normalized state and evidence for General Coding Agent Binding.",Task/execution durability + agent capability + independent completion verification,NOT_STARTED
VF-AGT-018,"06 Agent, task and AI execution",AGT,Image Generation Provider Binding,REPLIT-DERIVED-REQUIREMENT,R2V-114,Image generation tool,DOCUMENTED,BRIDGE,P1,Image generation API adapter,"External/provider implementation remains authoritative; VibeFlow owns binding, grants, policy, normalized state and evidence for Image Generation Provider Binding.",Task/execution durability + agent capability + independent completion verification,NOT_STARTED
VF-AGT-019,"06 Agent, task and AI execution",AGT,Execution Profile,REPLIT-DERIVED-REQUIREMENT,R2V-115,Lite/Economy/Power execution modes,DOCUMENTED,OWN,P0,Policy mapping onto agent/model capabilities,"VibeFlow is authoritative for Execution Profile state/policy; external IDs are references, never the source of VibeFlow truth.",Task/execution durability + agent capability + independent completion verification,NOT_STARTED
VF-AGT-020,"06 Agent, task and AI execution",AGT,MCP Client,REPLIT-DERIVED-REQUIREMENT,R2V-116,MCP client,DOCUMENTED,ADOPT,P1,MCP,Adopt commodity/open mechanism; VibeFlow stores only product-level metadata/policy for MCP Client.,Task/execution durability + agent capability + independent completion verification,NOT_STARTED
VF-AGT-021,"06 Agent, task and AI execution",AGT,ModelBinding/AgentProfile,REPLIT-DERIVED-REQUIREMENT,R2V-117,Model/mode selection,CORROBORATED,BRIDGE,P1,Agent/provider discovery,"External/provider implementation remains authoritative; VibeFlow owns binding, grants, policy, normalized state and evidence for ModelBinding/AgentProfile.",Task/execution durability + agent capability + independent completion verification,NOT_STARTED
VF-AGT-022,"06 Agent, task and AI execution",AGT,Parallel Execution Set,REPLIT-DERIVED-REQUIREMENT,R2V-118,Parallel Agent tasks,DOCUMENTED,OWN,P0,Durable scheduler + execution leases,"VibeFlow is authoritative for Parallel Execution Set state/policy; external IDs are references, never the source of VibeFlow truth.",Task/execution durability + agent capability + independent completion verification,NOT_STARTED
VF-AGT-023,"06 Agent, task and AI execution",AGT,Agent Preference Profile,REPLIT-DERIVED-REQUIREMENT,R2V-119,Per-user Agent preferences,DOCUMENTED,OWN,P1,Account preference store,"VibeFlow is authoritative for Agent Preference Profile state/policy; external IDs are references, never the source of VibeFlow truth.",Task/execution durability + agent capability + independent completion verification,NOT_STARTED
VF-AGT-024,"06 Agent, task and AI execution",AGT,PLAN execution mode,REPLIT-DERIVED-REQUIREMENT,R2V-120,Plan Mode,DOCUMENTED,OWN,P1,ACP config + policy,"VibeFlow is authoritative for PLAN execution mode state/policy; external IDs are references, never the source of VibeFlow truth.",Task/execution durability + agent capability + independent completion verification,NOT_STARTED
VF-AGT-025,"06 Agent, task and AI execution",AGT,VibeFlow MCP server — agent/tool exposure,REPLIT-DERIVED-REQUIREMENT,R2V-121,Replit MCP server,DOCUMENTED,OWN,P1,MCP Streamable HTTP + OAuth,"VibeFlow is authoritative for VibeFlow MCP Server state/policy; external IDs are references, never the source of VibeFlow truth.",Task/execution durability + agent capability + independent completion verification,NOT_STARTED
VF-AGT-026,"06 Agent, task and AI execution",AGT,A2A Agent Delegation,REPLIT-DERIVED-REQUIREMENT,R2V-122,Sub-agent delegation in user-built agents,DOCUMENTED,BRIDGE,P1,A2A 1.0 + provider SDKs,"External/provider implementation remains authoritative; VibeFlow owns binding, grants, policy, normalized state and evidence for A2A Agent Delegation.",Task/execution durability + agent capability + independent completion verification,NOT_STARTED
VF-AGT-027,"06 Agent, task and AI execution",AGT,Task,REPLIT-DERIVED-REQUIREMENT,R2V-123,Task board,DOCUMENTED,OWN,P0,Temporal + PostgreSQL,"VibeFlow is authoritative for Task state/policy; external IDs are references, never the source of VibeFlow truth.",Task/execution durability + agent capability + independent completion verification,NOT_STARTED
VF-AGT-028,"06 Agent, task and AI execution",AGT,Normalized Task State Machine,REPLIT-DERIVED-REQUIREMENT,R2V-124,Task lifecycle columns/statuses,DOCUMENTED,OWN,P0,PostgreSQL + event-sourced transitions,"VibeFlow is authoritative for Normalized Task State Machine state/policy; external IDs are references, never the source of VibeFlow truth.",Task/execution durability + agent capability + independent completion verification,NOT_STARTED
VF-AGT-029,"06 Agent, task and AI execution",AGT,PlanArtifact,REPLIT-DERIVED-REQUIREMENT,R2V-125,Task plan/success criteria,DOCUMENTED,OWN,P0,Structured task schema,"VibeFlow is authoritative for PlanArtifact state/policy; external IDs are references, never the source of VibeFlow truth.",Task/execution durability + agent capability + independent completion verification,NOT_STARTED
VF-AGT-030,"06 Agent, task and AI execution",AGT,Latency Priority Hint,REPLIT-DERIVED-REQUIREMENT,R2V-126,Turbo advanced setting,DOCUMENTED,BRIDGE,P1,Agent capability hint,"External/provider implementation remains authoritative; VibeFlow owns binding, grants, policy, normalized state and evidence for Latency Priority Hint.",Task/execution durability + agent capability + independent completion verification,NOT_STARTED
VF-AGT-031,"06 Agent, task and AI execution",AGT,Voice Input/Conversation Adapter,REPLIT-DERIVED-REQUIREMENT,R2V-127,Voice mode,DOCUMENTED,DEFER,P3,Speech-to-text/text-to-speech providers,Not a greenfield core authority; no foundational dependency on this capability.,Task/execution durability + agent capability + independent completion verification,NOT_STARTED
VF-AGT-032,"06 Agent, task and AI execution",AGT,Web Research Tool Capability,REPLIT-DERIVED-REQUIREMENT,R2V-128,Web search tool,DOCUMENTED,BRIDGE,P1,Search provider/MCP,"External/provider implementation remains authoritative; VibeFlow owns binding, grants, policy, normalized state and evidence for Web Research Tool Capability.",Task/execution durability + agent capability + independent completion verification,NOT_STARTED
VF-WKS-001,"07 Development workspace, IDE and runtime authority",WKS,Command Execution UI,REPLIT-DERIVED-REQUIREMENT,R2V-129,CLUI / command-line UI helpers,DOCUMENTED,DEFER,P1,xterm.js + command metadata,Not a greenfield core authority; no foundational dependency on this capability.,Workspace grant/isolation + filesystem/process/preview reconciliation,NOT_STARTED
VF-WKS-002,"07 Development workspace, IDE and runtime authority",WKS,Editor Surface,REPLIT-DERIVED-REQUIREMENT,R2V-130,Code editor,DOCUMENTED,ADOPT,P1,Monaco / Code-OSS,Adopt commodity/open mechanism; VibeFlow stores only product-level metadata/policy for Editor Surface.,Workspace grant/isolation + filesystem/process/preview reconciliation,NOT_STARTED
VF-WKS-003,"07 Development workspace, IDE and runtime authority",WKS,ExecutionLog stream,REPLIT-DERIVED-REQUIREMENT,R2V-131,Console/run logs,DOCUMENTED,OWN,P1,OTel/log adapter,"VibeFlow is authoritative for ExecutionLog stream state/policy; external IDs are references, never the source of VibeFlow truth.",Workspace grant/isolation + filesystem/process/preview reconciliation,NOT_STARTED
VF-WKS-004,"07 Development workspace, IDE and runtime authority",WKS,PreviewEndpoint,REPLIT-DERIVED-REQUIREMENT,R2V-132;R2V-143,Development URL lifecycle; Preview URL,DOCUMENTED,BRIDGE,P1,Provider reverse proxy; Workspace provider adapter,"External/provider implementation remains authoritative; VibeFlow owns binding, grants, policy, normalized state and evidence for PreviewEndpoint.",Workspace grant/isolation + filesystem/process/preview reconciliation,NOT_STARTED
VF-WKS-005,"07 Development workspace, IDE and runtime authority",WKS,Preview Access Policy,REPLIT-DERIVED-REQUIREMENT,R2V-133,Development URL public-by-default risk,DOCUMENTED,OWN,P1,Gateway/reverse proxy policy,"VibeFlow is authoritative for Preview Access Policy state/policy; external IDs are references, never the source of VibeFlow truth.",Workspace grant/isolation + filesystem/process/preview reconciliation,NOT_STARTED
VF-WKS-006,"07 Development workspace, IDE and runtime authority",WKS,ChangeSet view,REPLIT-DERIVED-REQUIREMENT,R2V-134,Diff view,DOCUMENTED,OWN,P1,Monaco Diff + Git,"VibeFlow is authoritative for ChangeSet view state/policy; external IDs are references, never the source of VibeFlow truth.",Workspace grant/isolation + filesystem/process/preview reconciliation,NOT_STARTED
VF-WKS-007,"07 Development workspace, IDE and runtime authority",WKS,Workspace Layout State,REPLIT-DERIVED-REQUIREMENT,R2V-135,Editor tabs / pane layout,DOCUMENTED,OWN,P1,Custom web shell,"VibeFlow is authoritative for Workspace Layout State state/policy; external IDs are references, never the source of VibeFlow truth.",Workspace grant/isolation + filesystem/process/preview reconciliation,NOT_STARTED
VF-WKS-008,"07 Development workspace, IDE and runtime authority",WKS,EnvironmentSpec,REPLIT-DERIVED-REQUIREMENT,R2V-136,Environment definition,INFERRED/ARCHITECTURAL,ADOPT,P1,Dev Containers,Adopt commodity/open mechanism; VibeFlow stores only product-level metadata/policy for EnvironmentSpec.,Workspace grant/isolation + filesystem/process/preview reconciliation,NOT_STARTED
VF-WKS-009,"07 Development workspace, IDE and runtime authority",WKS,Shortcut Registry,REPLIT-DERIVED-REQUIREMENT,R2V-137,Keyboard shortcuts,DOCUMENTED,OWN,P1,Web/native command registry,"VibeFlow is authoritative for Shortcut Registry state/policy; external IDs are references, never the source of VibeFlow truth.",Workspace grant/isolation + filesystem/process/preview reconciliation,NOT_STARTED
VF-WKS-010,"07 Development workspace, IDE and runtime authority",WKS,LanguageService capability,REPLIT-DERIVED-REQUIREMENT,R2V-138,Language intelligence/LSP,INFERRED/ARCHITECTURAL,ADOPT,P1,LSP,Adopt commodity/open mechanism; VibeFlow stores only product-level metadata/policy for LanguageService capability.,Workspace grant/isolation + filesystem/process/preview reconciliation,NOT_STARTED
VF-WKS-011,"07 Development workspace, IDE and runtime authority",WKS,Lightweight mobile syntax/action layer,REPLIT-DERIVED-REQUIREMENT,R2V-139,Local parsing on mobile,PACKAGE-PROVEN,OWN,P1,Lezer/Tree-sitter style parsers,"VibeFlow is authoritative for Lightweight mobile syntax/action layer state/policy; external IDs are references, never the source of VibeFlow truth.",Workspace grant/isolation + filesystem/process/preview reconciliation,NOT_STARTED
VF-WKS-012,"07 Development workspace, IDE and runtime authority",WKS,Environment Capability Descriptor,REPLIT-DERIVED-REQUIREMENT,R2V-140,NixOS/runtime environment compatibility,DOCUMENTED,BRIDGE,P1,Dev Containers/Nix/provider descriptors,"External/provider implementation remains authoritative; VibeFlow owns binding, grants, policy, normalized state and evidence for Environment Capability Descriptor.",Workspace grant/isolation + filesystem/process/preview reconciliation,NOT_STARTED
VF-WKS-013,"07 Development workspace, IDE and runtime authority",WKS,PackageOperation,REPLIT-DERIVED-REQUIREMENT,R2V-141,Package management,DOCUMENTED,BRIDGE,P1,Native package managers,"External/provider implementation remains authoritative; VibeFlow owns binding, grants, policy, normalized state and evidence for PackageOperation.",Workspace grant/isolation + filesystem/process/preview reconciliation,NOT_STARTED
VF-WKS-014,"07 Development workspace, IDE and runtime authority",WKS,NetworkCapability,REPLIT-DERIVED-REQUIREMENT,R2V-142,Ports/network exposure,INFERRED/ARCHITECTURAL,BRIDGE,P1,Provider adapter + egress policy,"External/provider implementation remains authoritative; VibeFlow owns binding, grants, policy, normalized state and evidence for NetworkCapability.",Workspace grant/isolation + filesystem/process/preview reconciliation,NOT_STARTED
VF-WKS-015,"07 Development workspace, IDE and runtime authority",WKS,Presence/CollaborativeDocument,REPLIT-DERIVED-REQUIREMENT,R2V-144,Real-time collaboration,DOCUMENTED,DEFER,P1,Yjs,Not a greenfield core authority; no foundational dependency on this capability.,Workspace grant/isolation + filesystem/process/preview reconciliation,NOT_STARTED
VF-WKS-016,"07 Development workspace, IDE and runtime authority",WKS,WorkspaceBinding.filesystem,REPLIT-DERIVED-REQUIREMENT,R2V-145,Remote development filesystem,DOCUMENTED,BRIDGE,P1,Provider adapter,"External/provider implementation remains authoritative; VibeFlow owns binding, grants, policy, normalized state and evidence for WorkspaceBinding.filesystem.",Workspace grant/isolation + filesystem/process/preview reconciliation,NOT_STARTED
VF-WKS-017,"07 Development workspace, IDE and runtime authority",WKS,WorkspaceResourceMetrics,REPLIT-DERIVED-REQUIREMENT,R2V-146,Resource metrics,DOCUMENTED,BRIDGE,P1,Provider metrics + OTel,"External/provider implementation remains authoritative; VibeFlow owns binding, grants, policy, normalized state and evidence for WorkspaceResourceMetrics.",Workspace grant/isolation + filesystem/process/preview reconciliation,NOT_STARTED
VF-WKS-018,"07 Development workspace, IDE and runtime authority",WKS,Execution command,REPLIT-DERIVED-REQUIREMENT,R2V-147,Run/Stop workflow,DOCUMENTED,OWN,P1,Provider API,"VibeFlow is authoritative for Execution command state/policy; external IDs are references, never the source of VibeFlow truth.",Workspace grant/isolation + filesystem/process/preview reconciliation,NOT_STARTED
VF-WKS-019,"07 Development workspace, IDE and runtime authority",WKS,WorkspaceExecution capability,REPLIT-DERIVED-REQUIREMENT,R2V-148,Runtime/process execution,DOCUMENTED,BRIDGE,P0,Daytona/E2B/Docker/containerd,"External/provider implementation remains authoritative; VibeFlow owns binding, grants, policy, normalized state and evidence for WorkspaceExecution capability.",Workspace grant/isolation + filesystem/process/preview reconciliation,NOT_STARTED
VF-WKS-020,"07 Development workspace, IDE and runtime authority",WKS,Search capability,REPLIT-DERIVED-REQUIREMENT,R2V-149,Search/ripgrep,DOCUMENTED,ADOPT,P1,ripgrep,Adopt commodity/open mechanism; VibeFlow stores only product-level metadata/policy for Search capability.,Workspace grant/isolation + filesystem/process/preview reconciliation,NOT_STARTED
VF-WKS-021,"07 Development workspace, IDE and runtime authority",WKS,TerminalSession,REPLIT-DERIVED-REQUIREMENT,R2V-150,Shell/PTY,DOCUMENTED,BRIDGE,P1,xterm.js + PTY provider,"External/provider implementation remains authoritative; VibeFlow owns binding, grants, policy, normalized state and evidence for TerminalSession.",Workspace grant/isolation + filesystem/process/preview reconciliation,NOT_STARTED
VF-WKS-022,"07 Development workspace, IDE and runtime authority",WKS,External Workspace Access Capability,REPLIT-DERIVED-REQUIREMENT,R2V-151,SSH access,DOCUMENTED,BRIDGE,P1,SSH provider capability,"External/provider implementation remains authoritative; VibeFlow owns binding, grants, policy, normalized state and evidence for External Workspace Access Capability.",Workspace grant/isolation + filesystem/process/preview reconciliation,NOT_STARTED
VF-WKS-023,"07 Development workspace, IDE and runtime authority",WKS,Workspace Preference Profile,REPLIT-DERIVED-REQUIREMENT,R2V-152,Themes/editor settings,DOCUMENTED,OWN,P1,Theme tokens + editor settings,"VibeFlow is authoritative for Workspace Preference Profile state/policy; external IDs are references, never the source of VibeFlow truth.",Workspace grant/isolation + filesystem/process/preview reconciliation,NOT_STARTED
VF-WKS-024,"07 Development workspace, IDE and runtime authority",WKS,WorkspaceIsolation capability,REPLIT-DERIVED-REQUIREMENT,R2V-153,Workspace isolation mechanism,UNKNOWN/PRIVATE,BRIDGE,P0,Daytona/E2B; later gVisor/Firecracker,Authority assigned explicitly at implementation time; provider state is never silently promoted to VibeFlow truth.,Workspace grant/isolation + filesystem/process/preview reconciliation,NOT_STARTED
VF-GIT-001,"08 Repository, checkpoints, history and recovery",GIT,CheckpointManifest,REPLIT-DERIVED-REQUIREMENT,R2V-154,Agent checkpoints,DOCUMENTED,OWN,P0,Manifest + provider snapshots,"VibeFlow is authoritative for CheckpointManifest state/policy; external IDs are references, never the source of VibeFlow truth.",Immutable recovery evidence + rollback/forward/revision consistency tests,NOT_STARTED
VF-GIT-002,"08 Repository, checkpoints, history and recovery",GIT,AgentContextSnapshotRef,REPLIT-DERIVED-REQUIREMENT,R2V-155,Agent context restore,DOCUMENTED,BRIDGE,P1,Agent/provider capability,"External/provider implementation remains authoritative; VibeFlow owns binding, grants, policy, normalized state and evidence for AgentContextSnapshotRef.",Immutable recovery evidence + rollback/forward/revision consistency tests,NOT_STARTED
VF-GIT-003,"08 Repository, checkpoints, history and recovery",GIT,Checkpoint Policy Hook,REPLIT-DERIVED-REQUIREMENT,R2V-156,Agent logical milestone checkpointing,DOCUMENTED,OWN,P0,Task state -> checkpoint manifest,"VibeFlow is authoritative for Checkpoint Policy Hook state/policy; external IDs are references, never the source of VibeFlow truth.",Immutable recovery evidence + rollback/forward/revision consistency tests,NOT_STARTED
VF-GIT-004,"08 Repository, checkpoints, history and recovery",GIT,Checkpoint DAG,REPLIT-DERIVED-REQUIREMENT,R2V-157,Alternate history after rollback,DOCUMENTED,OWN,P1,Immutable manifest DAG,"VibeFlow is authoritative for Checkpoint DAG state/policy; external IDs are references, never the source of VibeFlow truth.",Immutable recovery evidence + rollback/forward/revision consistency tests,NOT_STARTED
VF-GIT-005,"08 Repository, checkpoints, history and recovery",GIT,Branch/Review flow,REPLIT-DERIVED-REQUIREMENT,R2V-158,Branches/merge/conflicts,DOCUMENTED,BRIDGE,P1,Git,"External/provider implementation remains authoritative; VibeFlow owns binding, grants, policy, normalized state and evidence for Branch/Review flow.",Immutable recovery evidence + rollback/forward/revision consistency tests,NOT_STARTED
VF-GIT-006,"08 Repository, checkpoints, history and recovery",GIT,CheckpointManifest.ai_context_ref,REPLIT-DERIVED-REQUIREMENT,R2V-159,Checkpoint stores AI conversation context,DOCUMENTED,OWN,P0,Manifest + provider snapshot reference,"VibeFlow is authoritative for CheckpointManifest.ai_context_ref state/policy; external IDs are references, never the source of VibeFlow truth.",Immutable recovery evidence + rollback/forward/revision consistency tests,NOT_STARTED
VF-GIT-007,"08 Repository, checkpoints, history and recovery",GIT,CheckpointManifest.environment_ref,REPLIT-DERIVED-REQUIREMENT,R2V-160,Checkpoint stores development environment configuration,DOCUMENTED,OWN,P0,Manifest of provider snapshot/settings,"VibeFlow is authoritative for CheckpointManifest.environment_ref state/policy; external IDs are references, never the source of VibeFlow truth.",Immutable recovery evidence + rollback/forward/revision consistency tests,NOT_STARTED
VF-GIT-008,"08 Repository, checkpoints, history and recovery",GIT,DatabaseSnapshotRef,REPLIT-DERIVED-REQUIREMENT,R2V-161,Database checkpoint/restore,DOCUMENTED,BRIDGE,P0,Provider PITR/snapshot,"External/provider implementation remains authoritative; VibeFlow owns binding, grants, policy, normalized state and evidence for DatabaseSnapshotRef.",Immutable recovery evidence + rollback/forward/revision consistency tests,NOT_STARTED
VF-GIT-009,"08 Repository, checkpoints, history and recovery",GIT,FileHistory projection,REPLIT-DERIVED-REQUIREMENT,R2V-162,File history,DOCUMENTED,BRIDGE,P1,Git/provider history,"External/provider implementation remains authoritative; VibeFlow owns binding, grants, policy, normalized state and evidence for FileHistory projection.",Immutable recovery evidence + rollback/forward/revision consistency tests,NOT_STARTED
VF-GIT-010,"08 Repository, checkpoints, history and recovery",GIT,RepositoryBinding,REPLIT-DERIVED-REQUIREMENT,R2V-163,Git repository,DOCUMENTED,BRIDGE,P1,Git/GitHub/GitLab,"External/provider implementation remains authoritative; VibeFlow owns binding, grants, policy, normalized state and evidence for RepositoryBinding.",Immutable recovery evidence + rollback/forward/revision consistency tests,NOT_STARTED
VF-GIT-011,"08 Repository, checkpoints, history and recovery",GIT,CheckpointManifest.data_snapshot_ref,REPLIT-DERIVED-REQUIREMENT,R2V-164,Optional development database restore with checkpoint,DOCUMENTED,BRIDGE,P0,Database provider snapshot API,"VibeFlow is authoritative for CheckpointManifest.data_snapshot_ref state/policy; external IDs are references, never the source of VibeFlow truth.",Immutable recovery evidence + rollback/forward/revision consistency tests,NOT_STARTED
VF-GIT-012,"08 Repository, checkpoints, history and recovery",GIT,Production Data Recovery,REPLIT-DERIVED-REQUIREMENT,R2V-165,Production database point-in-time recovery separate from checkpoint,DOCUMENTED,BRIDGE,P0,DB provider PITR,"External/provider implementation remains authoritative; VibeFlow owns binding, grants, policy, normalized state and evidence for Production Data Recovery.",Immutable recovery evidence + rollback/forward/revision consistency tests,NOT_STARTED
VF-GIT-013,"08 Repository, checkpoints, history and recovery",GIT,RecoveryVerification,REPLIT-DERIVED-REQUIREMENT,R2V-166,Recovery verification,INFERRED/ARCHITECTURAL,OWN,P0,Verification pipeline,"VibeFlow is authoritative for RecoveryVerification state/policy; external IDs are references, never the source of VibeFlow truth.",Immutable recovery evidence + rollback/forward/revision consistency tests,NOT_STARTED
VF-GIT-014,"08 Repository, checkpoints, history and recovery",GIT,RecoveryGraph,REPLIT-DERIVED-REQUIREMENT,R2V-167,Roll forward/alternate history,DOCUMENTED,OWN,P1,Manifest DAG,"VibeFlow is authoritative for RecoveryGraph state/policy; external IDs are references, never the source of VibeFlow truth.",Immutable recovery evidence + rollback/forward/revision consistency tests,NOT_STARTED
VF-GIT-015,"08 Repository, checkpoints, history and recovery",GIT,RecoveryPlan + approval,REPLIT-DERIVED-REQUIREMENT,R2V-168,Rollback confirmation,DOCUMENTED,OWN,P1,Workflow engine,"VibeFlow is authoritative for RecoveryPlan + approval state/policy; external IDs are references, never the source of VibeFlow truth.",Immutable recovery evidence + rollback/forward/revision consistency tests,NOT_STARTED
VF-GIT-016,"08 Repository, checkpoints, history and recovery",GIT,RepoCommand,REPLIT-DERIVED-REQUIREMENT,R2V-169,Stage/commit/push/pull,DOCUMENTED,BRIDGE,P1,Git provider adapters,"External/provider implementation remains authoritative; VibeFlow owns binding, grants, policy, normalized state and evidence for RepoCommand.",Immutable recovery evidence + rollback/forward/revision consistency tests,NOT_STARTED
VF-GIT-017,"08 Repository, checkpoints, history and recovery",GIT,WorkspaceSnapshotRef,REPLIT-DERIVED-REQUIREMENT,R2V-170,Workspace snapshot,UNKNOWN/PRIVATE,BRIDGE,P0,Provider snapshot API,"External/provider implementation remains authoritative; VibeFlow owns binding, grants, policy, normalized state and evidence for WorkspaceSnapshotRef.",Immutable recovery evidence + rollback/forward/revision consistency tests,NOT_STARTED
VF-CON-001,"09 Connections, MCP, integrations and secrets",CON,SecretRef,REPLIT-DERIVED-REQUIREMENT,R2V-171,App/account secrets,DOCUMENTED,OWN,P0,KMS-backed secret store / OpenBao optional,"VibeFlow is authoritative for SecretRef state/policy; external IDs are references, never the source of VibeFlow truth.",Connection scope/token isolation + MCP conformance + approval tests,NOT_STARTED
VF-CON-002,"09 Connections, MCP, integrations and secrets",CON,Service Connection Adapter,REPLIT-DERIVED-REQUIREMENT,R2V-172,Business SaaS connectors,DOCUMENTED,BRIDGE,P1,MCP/provider APIs,"External/provider implementation remains authoritative; VibeFlow owns binding, grants, policy, normalized state and evidence for Service Connection Adapter.",Connection scope/token isolation + MCP conformance + approval tests,NOT_STARTED
VF-CON-003,"09 Connections, MCP, integrations and secrets",CON,Commerce Connection Adapter,REPLIT-DERIVED-REQUIREMENT,R2V-173,Commerce/fintech connectors,DOCUMENTED,BRIDGE,P1,MCP/provider APIs,"External/provider implementation remains authoritative; VibeFlow owns binding, grants, policy, normalized state and evidence for Commerce Connection Adapter.",Connection scope/token isolation + MCP conformance + approval tests,NOT_STARTED
VF-CON-004,"09 Connections, MCP, integrations and secrets",CON,ApprovalPolicy,REPLIT-DERIVED-REQUIREMENT,R2V-174,Confirmation for sensitive tools,DOCUMENTED,OWN,P1,Risk engine + user approval,"VibeFlow is authoritative for ApprovalPolicy state/policy; external IDs are references, never the source of VibeFlow truth.",Connection scope/token isolation + MCP conformance + approval tests,NOT_STARTED
VF-CON-005,"09 Connections, MCP, integrations and secrets",CON,ConnectionCatalog,REPLIT-DERIVED-REQUIREMENT,R2V-175,Connector catalog,DOCUMENTED,OWN,P1,MCP directory + provider manifests,"VibeFlow is authoritative for ConnectionCatalog state/policy; external IDs are references, never the source of VibeFlow truth.",Connection scope/token isolation + MCP conformance + approval tests,NOT_STARTED
VF-CON-006,"09 Connections, MCP, integrations and secrets",CON,Provider Capability Catalog,REPLIT-DERIVED-REQUIREMENT,R2V-176,Curated hosted MCP directory,DOCUMENTED,OWN,P1,MCP catalog metadata,"VibeFlow is authoritative for Provider Capability Catalog state/policy; external IDs are references, never the source of VibeFlow truth.",Connection scope/token isolation + MCP conformance + approval tests,NOT_STARTED
VF-CON-007,"09 Connections, MCP, integrations and secrets",CON,Custom MCP Connection,REPLIT-DERIVED-REQUIREMENT,R2V-177,Custom MCP HTTPS endpoint,DOCUMENTED,OWN,P1,MCP 2026-07-28,"VibeFlow is authoritative for Custom MCP Connection state/policy; external IDs are references, never the source of VibeFlow truth.",Connection scope/token isolation + MCP conformance + approval tests,NOT_STARTED
VF-CON-008,"09 Connections, MCP, integrations and secrets",CON,MCPConnection,REPLIT-DERIVED-REQUIREMENT,R2V-178,Custom MCP server connection,DOCUMENTED,OWN,P1,MCP,"VibeFlow is authoritative for MCPConnection state/policy; external IDs are references, never the source of VibeFlow truth.",Connection scope/token isolation + MCP conformance + approval tests,NOT_STARTED
VF-CON-009,"09 Connections, MCP, integrations and secrets",CON,Data Connection Adapter,REPLIT-DERIVED-REQUIREMENT,R2V-179,Enterprise warehouse connectors,DOCUMENTED,BRIDGE,P1,Vendor APIs/MCP,"External/provider implementation remains authoritative; VibeFlow owns binding, grants, policy, normalized state and evidence for Data Connection Adapter.",Connection scope/token isolation + MCP conformance + approval tests,NOT_STARTED
VF-CON-010,"09 Connections, MCP, integrations and secrets",CON,ProviderCredentialRef,REPLIT-DERIVED-REQUIREMENT,R2V-180,External API keys,DOCUMENTED,OWN,P1,Secret broker,"VibeFlow is authoritative for ProviderCredentialRef state/policy; external IDs are references, never the source of VibeFlow truth.",Connection scope/token isolation + MCP conformance + approval tests,NOT_STARTED
VF-CON-011,"09 Connections, MCP, integrations and secrets",CON,Design Tool Connection,REPLIT-DERIVED-REQUIREMENT,R2V-181,Figma MCP integration,DOCUMENTED,BRIDGE,P1,Figma MCP,"External/provider implementation remains authoritative; VibeFlow owns binding, grants, policy, normalized state and evidence for Design Tool Connection.",Connection scope/token isolation + MCP conformance + approval tests,NOT_STARTED
VF-CON-012,"09 Connections, MCP, integrations and secrets",CON,RepositoryConnection,REPLIT-DERIVED-REQUIREMENT,R2V-182,GitHub connection,CORROBORATED,BRIDGE,P1,GitHub API/MCP where sufficient,"External/provider implementation remains authoritative; VibeFlow owns binding, grants, policy, normalized state and evidence for RepositoryConnection.",Connection scope/token isolation + MCP conformance + approval tests,NOT_STARTED
VF-CON-013,"09 Connections, MCP, integrations and secrets",CON,Connection CredentialRef,REPLIT-DERIVED-REQUIREMENT,R2V-183,MCP custom headers/API key auth,DOCUMENTED,OWN,P0,SecretRef + MCP adapter,"VibeFlow is authoritative for Connection CredentialRef state/policy; external IDs are references, never the source of VibeFlow truth.",Connection scope/token isolation + MCP conformance + approval tests,NOT_STARTED
VF-CON-014,"09 Connections, MCP, integrations and secrets",CON,Provider Install Descriptor,REPLIT-DERIVED-REQUIREMENT,R2V-184,MCP install links/badges,DOCUMENTED,DEFER,P1,Signed capability manifest URL,Not a greenfield core authority; no foundational dependency on this capability.,Connection scope/token isolation + MCP conformance + approval tests,NOT_STARTED
VF-CON-015,"09 Connections, MCP, integrations and secrets",CON,OAuth-backed Connection,REPLIT-DERIVED-REQUIREMENT,R2V-185,MCP OAuth sign-in,DOCUMENTED,OWN,P0,OAuth 2.1/PKCE + MCP auth,"VibeFlow is authoritative for OAuth-backed Connection state/policy; external IDs are references, never the source of VibeFlow truth.",Connection scope/token isolation + MCP conformance + approval tests,NOT_STARTED
VF-CON-016,"09 Connections, MCP, integrations and secrets",CON,CapabilityDiscovery,REPLIT-DERIVED-REQUIREMENT,R2V-186,MCP tool discovery,DOCUMENTED,ADOPT,P1,MCP tools/list,Adopt commodity/open mechanism; VibeFlow stores only product-level metadata/policy for CapabilityDiscovery.,Connection scope/token isolation + MCP conformance + approval tests,NOT_STARTED
VF-CON-017,"09 Connections, MCP, integrations and secrets",CON,ConnectionGrant,REPLIT-DERIVED-REQUIREMENT,R2V-187,Per-project connection grants,UNKNOWN/PRIVATE,OWN,P0,OpenFGA + scoped grants,"VibeFlow is authoritative for ConnectionGrant state/policy; external IDs are references, never the source of VibeFlow truth.",Connection scope/token isolation + MCP conformance + approval tests,NOT_STARTED
VF-CON-018,"09 Connections, MCP, integrations and secrets",CON,Connection,REPLIT-DERIVED-REQUIREMENT,R2V-188,Persistent OAuth connections,DOCUMENTED,OWN,P0,OAuth broker,"VibeFlow is authoritative for Connection state/policy; external IDs are references, never the source of VibeFlow truth.",Connection scope/token isolation + MCP conformance + approval tests,NOT_STARTED
VF-CON-019,"09 Connections, MCP, integrations and secrets",CON,ConnectionGrant injection,REPLIT-DERIVED-REQUIREMENT,R2V-189,Replit Integrations token abstraction for user-built agents,DOCUMENTED,OWN,P1,Scoped token broker/provider proxy,"VibeFlow is authoritative for ConnectionGrant injection state/policy; external IDs are references, never the source of VibeFlow truth.",Connection scope/token isolation + MCP conformance + approval tests,NOT_STARTED
VF-CON-020,"09 Connections, MCP, integrations and secrets",CON,Adapters/MCP servers,REPLIT-DERIVED-REQUIREMENT,R2V-190,Service-specific connectors,DOCUMENTED,ADOPT,P1,MCP/provider APIs,Adopt commodity/open mechanism; VibeFlow stores only product-level metadata/policy for Adapters/MCP servers.,Connection scope/token isolation + MCP conformance + approval tests,NOT_STARTED
VF-DAT-001,"10 Data, databases and storage",DAT,"DatabaseGrant(dev, write)",REPLIT-DERIVED-REQUIREMENT,R2V-191,Agent dev DB mutation,DOCUMENTED,OWN,P1,Scoped DB capability,"VibeFlow is authoritative for DatabaseGrant(dev, write) state/policy; external IDs are references, never the source of VibeFlow truth.",Dev/prod authority separation + backup/restore + data access tests,NOT_STARTED
VF-DAT-002,"10 Data, databases and storage",DAT,"DiagnosticGrant(prod, read)",REPLIT-DERIVED-REQUIREMENT,R2V-192,Agent production DB read-only diagnostics,DOCUMENTED,OWN,P1,Time-bound DB proxy,"VibeFlow is authoritative for DiagnosticGrant(prod, read) state/policy; external IDs are references, never the source of VibeFlow truth.",Dev/prod authority separation + backup/restore + data access tests,NOT_STARTED
VF-DAT-003,"10 Data, databases and storage",DAT,ObjectStorageBinding,REPLIT-DERIVED-REQUIREMENT,R2V-193;R2V-194,App Storage backed by GCS; App Storage/object storage,DOCUMENTED,BRIDGE,P1,S3-compatible provider/SeaweedFS; S3/GCS/Azure Blob adapters,"External/provider implementation remains authoritative; VibeFlow owns binding, grants, policy, normalized state and evidence for ObjectStorageBinding.",Dev/prod authority separation + backup/restore + data access tests,NOT_STARTED
VF-DAT-004,"10 Data, databases and storage",DAT,StorageGrant,REPLIT-DERIVED-REQUIREMENT,R2V-195,Bucket access policy,DOCUMENTED,OWN,P1,Provider policy + OpenFGA,"VibeFlow is authoritative for StorageGrant state/policy; external IDs are references, never the source of VibeFlow truth.",Dev/prod authority separation + backup/restore + data access tests,NOT_STARTED
VF-DAT-005,"10 Data, databases and storage",DAT,Database Capability Metadata,REPLIT-DERIVED-REQUIREMENT,R2V-196,Database idle suspension / activity-based compute,DOCUMENTED,BRIDGE,P1,Managed PostgreSQL provider,"External/provider implementation remains authoritative; VibeFlow owns binding, grants, policy, normalized state and evidence for Database Capability Metadata.",Dev/prod authority separation + backup/restore + data access tests,NOT_STARTED
VF-DAT-006,"10 Data, databases and storage",DAT,Data Explorer,REPLIT-DERIVED-REQUIREMENT,R2V-197,Database UI,DOCUMENTED,BRIDGE,P1,pgweb/custom query UI,"External/provider implementation remains authoritative; VibeFlow owns binding, grants, policy, normalized state and evidence for Data Explorer.",Dev/prod authority separation + backup/restore + data access tests,NOT_STARTED
VF-DAT-007,"10 Data, databases and storage",DAT,ApplicationDataBinding(dev),REPLIT-DERIVED-REQUIREMENT,R2V-198,Development SQL database,DOCUMENTED,BRIDGE,P1,External Postgres/provider,"External/provider implementation remains authoritative; VibeFlow owns binding, grants, policy, normalized state and evidence for ApplicationDataBinding(dev).",Dev/prod authority separation + backup/restore + data access tests,NOT_STARTED
VF-DAT-008,"10 Data, databases and storage",DAT,Environment-scoped DataBinding,REPLIT-DERIVED-REQUIREMENT,R2V-199,Development/production database authority split,DOCUMENTED,BRIDGE,P1,Postgres provider adapters,"VibeFlow is authoritative for Environment-scoped DataBinding state/policy; external IDs are references, never the source of VibeFlow truth.",Dev/prod authority separation + backup/restore + data access tests,NOT_STARTED
VF-DAT-009,"10 Data, databases and storage",DAT,Provider UsageRecord,REPLIT-DERIVED-REQUIREMENT,R2V-200,Production database usage metering,DOCUMENTED,BRIDGE,P1,Provider meter ingestion,"External/provider implementation remains authoritative; VibeFlow owns binding, grants, policy, normalized state and evidence for Provider UsageRecord.",Dev/prod authority separation + backup/restore + data access tests,NOT_STARTED
VF-DAT-010,"10 Data, databases and storage",DAT,ProductionRecoveryPlan,REPLIT-DERIVED-REQUIREMENT,R2V-201,Production DB recovery,DOCUMENTED,BRIDGE,P1,PITR provider APIs,"External/provider implementation remains authoritative; VibeFlow owns binding, grants, policy, normalized state and evidence for ProductionRecoveryPlan.",Dev/prod authority separation + backup/restore + data access tests,NOT_STARTED
VF-DAT-011,"10 Data, databases and storage",DAT,ApplicationDataBinding(prod),REPLIT-DERIVED-REQUIREMENT,R2V-202,Production SQL database,DOCUMENTED,BRIDGE,P1,External Postgres/provider,"External/provider implementation remains authoritative; VibeFlow owns binding, grants, policy, normalized state and evidence for ApplicationDataBinding(prod).",Dev/prod authority separation + backup/restore + data access tests,NOT_STARTED
VF-DAT-012,"10 Data, databases and storage",DAT,EphemeralRuntimeFS,REPLIT-DERIVED-REQUIREMENT,R2V-203,Published filesystem non-persistence,DOCUMENTED,OWN/DECIDE,P1,Provider deployment contract,Authority assigned explicitly at implementation time; provider state is never silently promoted to VibeFlow truth.,Dev/prod authority separation + backup/restore + data access tests,NOT_STARTED
VF-DAT-013,"10 Data, databases and storage",DAT,Scoped StorageGrant,REPLIT-DERIVED-REQUIREMENT,R2V-204,Shared App Storage across dev/prod/apps,DOCUMENTED,BRIDGE,P1,Object-store policy adapter,"VibeFlow is authoritative for Scoped StorageGrant state/policy; external IDs are references, never the source of VibeFlow truth.",Dev/prod authority separation + backup/restore + data access tests,NOT_STARTED
VF-DAT-014,"10 Data, databases and storage",DAT,ControlPlaneDB,REPLIT-DERIVED-REQUIREMENT,R2V-205,VibeFlow control-plane database,INFERRED/ARCHITECTURAL,OWN,P1,PostgreSQL,"VibeFlow is authoritative for ControlPlaneDB state/policy; external IDs are references, never the source of VibeFlow truth.",Dev/prod authority separation + backup/restore + data access tests,NOT_STARTED
VF-DEP-001,"11 Publishing, deployments and production runtime",DEP,DeploymentProvider autoscale,REPLIT-DERIVED-REQUIREMENT,R2V-206,Autoscale deployment,DOCUMENTED,BRIDGE,P1,Cloudflare/Vercel/Knative/etc.,"External/provider implementation remains authoritative; VibeFlow owns binding, grants, policy, normalized state and evidence for DeploymentProvider autoscale.",Build artifact provenance + deployment health/rollback + environment isolation,NOT_STARTED
VF-DEP-002,"11 Publishing, deployments and production runtime",DEP,BuildExecution,REPLIT-DERIVED-REQUIREMENT,R2V-207,Build pipeline,DOCUMENTED,BRIDGE,P1,Build provider/GitHub Actions/BuildKit,"External/provider implementation remains authoritative; VibeFlow owns binding, grants, policy, normalized state and evidence for BuildExecution.",Build artifact provenance + deployment health/rollback + environment isolation,NOT_STARTED
VF-DEP-003,"11 Publishing, deployments and production runtime",DEP,DomainBinding,REPLIT-DERIVED-REQUIREMENT,R2V-208,Custom domains/TLS,DOCUMENTED,BRIDGE,P1,DNS provider + ACME,"External/provider implementation remains authoritative; VibeFlow owns binding, grants, policy, normalized state and evidence for DomainBinding.",Build artifact provenance + deployment health/rollback + environment isolation,NOT_STARTED
VF-DEP-004,"11 Publishing, deployments and production runtime",DEP,DeploymentRegion Policy,REPLIT-DERIVED-REQUIREMENT,R2V-209,Deployment geography/region selection,DOCUMENTED,BRIDGE,P1,Provider region capabilities,"External/provider implementation remains authoritative; VibeFlow owns binding, grants, policy, normalized state and evidence for DeploymentRegion Policy.",Build artifact provenance + deployment health/rollback + environment isolation,NOT_STARTED
VF-DEP-005,"11 Publishing, deployments and production runtime",DEP,DeploymentStatus,REPLIT-DERIVED-REQUIREMENT,R2V-210,Deployment health/status,DOCUMENTED,BRIDGE,P1,Provider API + OTel,"External/provider implementation remains authoritative; VibeFlow owns binding, grants, policy, normalized state and evidence for DeploymentStatus.",Build artifact provenance + deployment health/rollback + environment isolation,NOT_STARTED
VF-DEP-006,"11 Publishing, deployments and production runtime",DEP,DeploymentProfile,REPLIT-DERIVED-REQUIREMENT,R2V-211,Deployment machine sizing/configuration,DOCUMENTED,BRIDGE,P1,Provider SKU/capability mapping,"External/provider implementation remains authoritative; VibeFlow owns binding, grants, policy, normalized state and evidence for DeploymentProfile.",Build artifact provenance + deployment health/rollback + environment isolation,NOT_STARTED
VF-DEP-007,"11 Publishing, deployments and production runtime",DEP,DeploymentBinding,REPLIT-DERIVED-REQUIREMENT,R2V-212,Deployment provider abstraction,INFERRED/ARCHITECTURAL,OWN,P1,Vercel/Cloudflare/Fly/Render/Railway/K8s adapters,"VibeFlow is authoritative for DeploymentBinding state/policy; external IDs are references, never the source of VibeFlow truth.",Build artifact provenance + deployment health/rollback + environment isolation,NOT_STARTED
VF-DEP-008,"11 Publishing, deployments and production runtime",DEP,Release -> DeploymentBinding,REPLIT-DERIVED-REQUIREMENT,R2V-213,Development and production are separate runtime instances,DOCUMENTED,BRIDGE,P1,Build artifact + deployment provider,"VibeFlow is authoritative for Release -> DeploymentBinding state/policy; external IDs are references, never the source of VibeFlow truth.",Build artifact provenance + deployment health/rollback + environment isolation,NOT_STARTED
VF-DEP-009,"11 Publishing, deployments and production runtime",DEP,User Feedback Ingest,REPLIT-DERIVED-REQUIREMENT,R2V-214,Feedback widget on published app,DOCUMENTED,DEFER,P1,OpenFeedback/custom widget,Not a greenfield core authority; no foundational dependency on this capability.,Build artifact provenance + deployment health/rollback + environment isolation,NOT_STARTED
VF-DEP-010,"11 Publishing, deployments and production runtime",DEP,DeploymentAccessPolicy,REPLIT-DERIVED-REQUIREMENT,R2V-215,Private deployment/access tokens,DOCUMENTED,OWN,P1,Auth proxy + OpenFGA,"VibeFlow is authoritative for DeploymentAccessPolicy state/policy; external IDs are references, never the source of VibeFlow truth.",Build artifact provenance + deployment health/rollback + environment isolation,NOT_STARTED
VF-DEP-011,"11 Publishing, deployments and production runtime",DEP,Runtime Persistence Capability,REPLIT-DERIVED-REQUIREMENT,R2V-216,Production filesystem is ephemeral,DOCUMENTED,BRIDGE,P1,Deployment descriptor,"VibeFlow is authoritative for Runtime Persistence Capability state/policy; external IDs are references, never the source of VibeFlow truth.",Build artifact provenance + deployment health/rollback + environment isolation,NOT_STARTED
VF-DEP-012,"11 Publishing, deployments and production runtime",DEP,DeploymentRequest,REPLIT-DERIVED-REQUIREMENT,R2V-217,Publish action,DOCUMENTED,OWN,P1,Provider adapter,"VibeFlow is authoritative for DeploymentRequest state/policy; external IDs are references, never the source of VibeFlow truth.",Build artifact provenance + deployment health/rollback + environment isolation,NOT_STARTED
VF-DEP-013,"11 Publishing, deployments and production runtime",DEP,Deployment Capability Validation,REPLIT-DERIVED-REQUIREMENT,R2V-218,Publish size/type constraints,DOCUMENTED,BRIDGE,P1,Provider capability manifest,"VibeFlow is authoritative for Deployment Capability Validation state/policy; external IDs are references, never the source of VibeFlow truth.",Build artifact provenance + deployment health/rollback + environment isolation,NOT_STARTED
VF-DEP-014,"11 Publishing, deployments and production runtime",DEP,Promotion,REPLIT-DERIVED-REQUIREMENT,R2V-219,Republish to update,DOCUMENTED,OWN,P1,Immutable release model,"VibeFlow is authoritative for Promotion state/policy; external IDs are references, never the source of VibeFlow truth.",Build artifact provenance + deployment health/rollback + environment isolation,NOT_STARTED
VF-DEP-015,"11 Publishing, deployments and production runtime",DEP,DeploymentProvider VM,REPLIT-DERIVED-REQUIREMENT,R2V-220,Reserved VM deployment,DOCUMENTED,BRIDGE,P1,Fly/Render/Railway/K8s,"External/provider implementation remains authoritative; VibeFlow owns binding, grants, policy, normalized state and evidence for DeploymentProvider VM.",Build artifact provenance + deployment health/rollback + environment isolation,NOT_STARTED
VF-DEP-016,"11 Publishing, deployments and production runtime",DEP,ScheduledDeployment,REPLIT-DERIVED-REQUIREMENT,R2V-221,Scheduled deployment,DOCUMENTED,BRIDGE,P1,Temporal/provider jobs,"External/provider implementation remains authoritative; VibeFlow owns binding, grants, policy, normalized state and evidence for ScheduledDeployment.",Build artifact provenance + deployment health/rollback + environment isolation,NOT_STARTED
VF-DEP-017,"11 Publishing, deployments and production runtime",DEP,PolicyGate,REPLIT-DERIVED-REQUIREMENT,R2V-222,Security check before publish,DOCUMENTED,OWN,P1,Scanner adapters,"VibeFlow is authoritative for PolicyGate state/policy; external IDs are references, never the source of VibeFlow truth.",Build artifact provenance + deployment health/rollback + environment isolation,NOT_STARTED
VF-DEP-018,"11 Publishing, deployments and production runtime",DEP,ArtifactVersion/BuildInput,REPLIT-DERIVED-REQUIREMENT,R2V-223,Snapshot files/dependencies,DOCUMENTED,OWN,P1,Content hashes + provider build,"VibeFlow is authoritative for ArtifactVersion/BuildInput state/policy; external IDs are references, never the source of VibeFlow truth.",Build artifact provenance + deployment health/rollback + environment isolation,NOT_STARTED
VF-DEP-019,"11 Publishing, deployments and production runtime",DEP,DeploymentProvider static,REPLIT-DERIVED-REQUIREMENT,R2V-224,Static deployment,DOCUMENTED,BRIDGE,P1,Cloudflare Pages/Vercel/S3+CDN,"External/provider implementation remains authoritative; VibeFlow owns binding, grants, policy, normalized state and evidence for DeploymentProvider static.",Build artifact provenance + deployment health/rollback + environment isolation,NOT_STARTED
VF-DEP-020,"11 Publishing, deployments and production runtime",DEP,Static Hosting Config,REPLIT-DERIVED-REQUIREMENT,R2V-225,Static headers/routes/rewrites,DOCUMENTED,BRIDGE,P1,Provider-neutral routes/headers schema,"External/provider implementation remains authoritative; VibeFlow owns binding, grants, policy, normalized state and evidence for Static Hosting Config.",Build artifact provenance + deployment health/rollback + environment isolation,NOT_STARTED
VF-VER-001,"12 Security, verification and evidence",VER,Finding -> Task lineage,REPLIT-DERIVED-REQUIREMENT,R2V-226,Agent remediation from vulnerability finding,DOCUMENTED,OWN,P1,Task/evidence graph,"VibeFlow is authoritative for Finding -> Task lineage state/policy; external IDs are references, never the source of VibeFlow truth.",Independent scanner/test evidence + policy gate + tamper-resistant provenance,NOT_STARTED
VF-VER-002,"12 Security, verification and evidence",VER,Approval,REPLIT-DERIVED-REQUIREMENT,R2V-227,Approval gates,UNKNOWN/PRIVATE,OWN,P1,Risk/policy engine,"VibeFlow is authoritative for Approval state/policy; external IDs are references, never the source of VibeFlow truth.",Independent scanner/test evidence + policy gate + tamper-resistant provenance,NOT_STARTED
VF-VER-003,"12 Security, verification and evidence",VER,VerificationRun,REPLIT-DERIVED-REQUIREMENT,R2V-228,Build/test verification,INFERRED/ARCHITECTURAL,OWN,P0,Playwright + unit/build/typecheck,"VibeFlow is authoritative for VerificationRun state/policy; external IDs are references, never the source of VibeFlow truth.",Independent scanner/test evidence + policy gate + tamper-resistant provenance,NOT_STARTED
VF-VER-004,"12 Security, verification and evidence",VER,Telemetry Redaction Policy,REPLIT-DERIVED-REQUIREMENT,R2V-229,Client telemetry query-string scrubbing,PACKAGE-PROVEN,OWN,P1,OTel processors/redaction rules,"VibeFlow is authoritative for Telemetry Redaction Policy state/policy; external IDs are references, never the source of VibeFlow truth.",Independent scanner/test evidence + policy gate + tamper-resistant provenance,NOT_STARTED
VF-VER-005,"12 Security, verification and evidence",VER,VulnerabilityRemediationWorkflow,REPLIT-DERIVED-REQUIREMENT,R2V-230,CVE auto-protect,DOCUMENTED,OWN,P1,OSV + Agent + verification,"VibeFlow is authoritative for VulnerabilityRemediationWorkflow state/policy; external IDs are references, never the source of VibeFlow truth.",Independent scanner/test evidence + policy gate + tamper-resistant provenance,NOT_STARTED
VF-VER-006,"12 Security, verification and evidence",VER,Security-triggered Recovery Task,REPLIT-DERIVED-REQUIREMENT,R2V-231,CVE Auto-Protect background patch preparation,DOCUMENTED,OWN,P1,Vuln feed + task scheduler + verification,"VibeFlow is authoritative for Security-triggered Recovery Task state/policy; external IDs are references, never the source of VibeFlow truth.",Independent scanner/test evidence + policy gate + tamper-resistant provenance,NOT_STARTED
VF-VER-007,"12 Security, verification and evidence",VER,Org Vulnerability Inventory,REPLIT-DERIVED-REQUIREMENT,R2V-232,Dependency CVE inventory by workspace,DOCUMENTED,OWN,P0,OSV/Trivy + control-plane index,"VibeFlow is authoritative for Org Vulnerability Inventory state/policy; external IDs are references, never the source of VibeFlow truth.",Independent scanner/test evidence + policy gate + tamper-resistant provenance,NOT_STARTED
VF-VER-008,"12 Security, verification and evidence",VER,Evidence,REPLIT-DERIVED-REQUIREMENT,R2V-233,Evidence chain,INFERRED/ARCHITECTURAL,OWN,P1,Content-addressed evidence graph,"VibeFlow is authoritative for Evidence state/policy; external IDs are references, never the source of VibeFlow truth.",Independent scanner/test evidence + policy gate + tamper-resistant provenance,NOT_STARTED
VF-VER-009,"12 Security, verification and evidence",VER,PrivacyFinding,REPLIT-DERIVED-REQUIREMENT,R2V-234,HoundDog privacy scan,DOCUMENTED,BRIDGE,P1,HoundDog or alternate scanner,Adopt commodity/open mechanism; VibeFlow stores only product-level metadata/policy for PrivacyFinding.,Independent scanner/test evidence + policy gate + tamper-resistant provenance,NOT_STARTED
VF-VER-010,"12 Security, verification and evidence",VER,Package Provenance Gate,REPLIT-DERIVED-REQUIREMENT,R2V-235,Package Firewall,DOCUMENTED,BRIDGE,P1,Registry proxy + OSV/allowlists,"External/provider implementation remains authoritative; VibeFlow owns binding, grants, policy, normalized state and evidence for Package Provenance Gate.",Independent scanner/test evidence + policy gate + tamper-resistant provenance,NOT_STARTED
VF-VER-011,"12 Security, verification and evidence",VER,SecurityFindings,REPLIT-DERIVED-REQUIREMENT,R2V-236,Project Security Center,DOCUMENTED,OWN,P0,Trivy/OSV/Semgrep/Gitleaks/etc.,"VibeFlow is authoritative for SecurityFindings state/policy; external IDs are references, never the source of VibeFlow truth.",Independent scanner/test evidence + policy gate + tamper-resistant provenance,NOT_STARTED
VF-VER-012,"12 Security, verification and evidence",VER,DeviceRiskEvidence,REPLIT-DERIVED-REQUIREMENT,R2V-237,Rooted-device risk signal is non-authoritative,PACKAGE-PROVEN,DEFER,P0,Platform integrity APIs,Not a greenfield core authority; no foundational dependency on this capability.,Independent scanner/test evidence + policy gate + tamper-resistant provenance,NOT_STARTED
VF-VER-013,"12 Security, verification and evidence",VER,SBOMEvidence,REPLIT-DERIVED-REQUIREMENT,R2V-238,SBOM export,DOCUMENTED,ADOPT,P1,Syft/CycloneDX,Adopt commodity/open mechanism; VibeFlow stores only product-level metadata/policy for SBOMEvidence.,Independent scanner/test evidence + policy gate + tamper-resistant provenance,NOT_STARTED
VF-VER-014,"12 Security, verification and evidence",VER,Secret Verification Check,REPLIT-DERIVED-REQUIREMENT,R2V-239,Secret-scan / sensitive data prevention,CORROBORATED,ADOPT,P0,Gitleaks/TruffleHog-compatible adapter,Adopt commodity/open mechanism; VibeFlow stores only product-level metadata/policy for Secret Verification Check.,Independent scanner/test evidence + policy gate + tamper-resistant provenance,NOT_STARTED
VF-VER-015,"12 Security, verification and evidence",VER,SecurityReviewTask,REPLIT-DERIVED-REQUIREMENT,R2V-240,Security Agent,DOCUMENTED,BRIDGE,P1,Agent + scanners,"External/provider implementation remains authoritative; VibeFlow owns binding, grants, policy, normalized state and evidence for SecurityReviewTask.",Independent scanner/test evidence + policy gate + tamper-resistant provenance,NOT_STARTED
VF-VER-016,"12 Security, verification and evidence",VER,SAST evidence,REPLIT-DERIVED-REQUIREMENT,R2V-241,Semgrep static analysis,DOCUMENTED,ADOPT,P1,Semgrep Community rules/licensing review,Adopt commodity/open mechanism; VibeFlow stores only product-level metadata/policy for SAST evidence.,Independent scanner/test evidence + policy gate + tamper-resistant provenance,NOT_STARTED
VF-VER-017,"12 Security, verification and evidence",VER,Emergency Deployment Quarantine,REPLIT-DERIVED-REQUIREMENT,R2V-242,Unpublish high-exposure vulnerable application,DOCUMENTED,BRIDGE,P1,Deployment adapter revoke/unpublish,"VibeFlow is authoritative for Emergency Deployment Quarantine state/policy; external IDs are references, never the source of VibeFlow truth.",Independent scanner/test evidence + policy gate + tamper-resistant provenance,NOT_STARTED
VF-VER-018,"12 Security, verification and evidence",VER,VisualEvidence,REPLIT-DERIVED-REQUIREMENT,R2V-243,Visual verification/screenshots,PACKAGE-PROVEN,OWN,P3,Playwright/device screenshot,"VibeFlow is authoritative for VisualEvidence state/policy; external IDs are references, never the source of VibeFlow truth.",Independent scanner/test evidence + policy gate + tamper-resistant provenance,NOT_STARTED
VF-VER-019,"12 Security, verification and evidence",VER,SecurityPortfolio,REPLIT-DERIVED-REQUIREMENT,R2V-244,Workspace Security Center,DOCUMENTED,DEFER,P0,Findings DB + UI,Not a greenfield core authority; no foundational dependency on this capability.,Independent scanner/test evidence + policy gate + tamper-resistant provenance,NOT_STARTED
VF-OBS-001,"13 Observability, analytics and incident response",OBS,ProductEvent/FeatureFlag,REPLIT-DERIVED-REQUIREMENT,R2V-245,Analytics/experiments,PACKAGE-PROVEN,DEFER,P1,GrowthBook/basic first-party analytics,Not a greenfield core authority; no foundational dependency on this capability.,OTel correlation/redaction + alert-to-task lineage tests,NOT_STARTED
VF-OBS-002,"13 Observability, analytics and incident response",OBS,ServiceMetrics,REPLIT-DERIVED-REQUIREMENT,R2V-246,Application analytics,DOCUMENTED,BRIDGE,P1,OTel metrics/traces,"External/provider implementation remains authoritative; VibeFlow owns binding, grants, policy, normalized state and evidence for ServiceMetrics.",OTel correlation/redaction + alert-to-task lineage tests,NOT_STARTED
VF-OBS-003,"13 Observability, analytics and incident response",OBS,HealthCheck,REPLIT-DERIVED-REQUIREMENT,R2V-247,Application monitoring,DOCUMENTED,BRIDGE,P1,Provider health + OTel,"External/provider implementation remains authoritative; VibeFlow owns binding, grants, policy, normalized state and evidence for HealthCheck.",OTel correlation/redaction + alert-to-task lineage tests,NOT_STARTED
VF-OBS-004,"13 Observability, analytics and incident response",OBS,Attribution Adapter,REPLIT-DERIVED-REQUIREMENT,R2V-248,AppsFlyer attribution/purchase tracking,PACKAGE-PROVEN,REJECT/OMIT,P1,Optional attribution provider,Not a greenfield core authority; no foundational dependency on this capability.,OTel correlation/redaction + alert-to-task lineage tests,NOT_STARTED
VF-OBS-005,"13 Observability, analytics and incident response",OBS,Bridge/WebView telemetry,REPLIT-DERIVED-REQUIREMENT,R2V-249,Bridge/WebView error capture,PACKAGE-PROVEN,OWN,P1,OpenTelemetry spans/events,"VibeFlow is authoritative for Bridge/WebView telemetry state/policy; external IDs are references, never the source of VibeFlow truth.",OTel correlation/redaction + alert-to-task lineage tests,NOT_STARTED
VF-OBS-006,"13 Observability, analytics and incident response",OBS,TraceCorrelation,REPLIT-DERIVED-REQUIREMENT,R2V-250,Cross-resource correlation,UNKNOWN/PRIVATE,OWN,P1,OpenTelemetry attributes,"VibeFlow is authoritative for TraceCorrelation state/policy; external IDs are references, never the source of VibeFlow truth.",OTel correlation/redaction + alert-to-task lineage tests,NOT_STARTED
VF-OBS-007,"13 Observability, analytics and incident response",OBS,Client OTel/RUM Exporter,REPLIT-DERIVED-REQUIREMENT,R2V-251,Datadog mobile RUM integration,PACKAGE-PROVEN,ADOPT,P1,OpenTelemetry + optional Datadog exporter,Adopt commodity/open mechanism; VibeFlow stores only product-level metadata/policy for Client OTel/RUM Exporter.,OTel correlation/redaction + alert-to-task lineage tests,NOT_STARTED
VF-OBS-008,"13 Observability, analytics and incident response",OBS,IncidentTask,REPLIT-DERIVED-REQUIREMENT,R2V-252,Investigate downtime with Agent,DOCUMENTED,OWN,P1,Agent + log/trace adapters,"VibeFlow is authoritative for IncidentTask state/policy; external IDs are references, never the source of VibeFlow truth.",OTel correlation/redaction + alert-to-task lineage tests,NOT_STARTED
VF-OBS-009,"13 Observability, analytics and incident response",OBS,ClientErrorEvent,REPLIT-DERIVED-REQUIREMENT,R2V-253,Mobile crash/error telemetry,PACKAGE-PROVEN,ADOPT,P1,OpenTelemetry + optional Sentry,Adopt commodity/open mechanism; VibeFlow stores only product-level metadata/policy for ClientErrorEvent.,OTel correlation/redaction + alert-to-task lineage tests,NOT_STARTED
VF-OBS-010,"13 Observability, analytics and incident response",OBS,ClientPerformanceEvent,REPLIT-DERIVED-REQUIREMENT,R2V-254,Mobile RUM/performance,PACKAGE-PROVEN,ADOPT,P1,OTel mobile + optional vendor,Adopt commodity/open mechanism; VibeFlow stores only product-level metadata/policy for ClientPerformanceEvent.,OTel correlation/redaction + alert-to-task lineage tests,NOT_STARTED
VF-OBS-011,"13 Observability, analytics and incident response",OBS,Incident -> Task -> Verification Loop,REPLIT-DERIVED-REQUIREMENT,R2V-255,Monitoring-to-Agent remediation,DOCUMENTED,OWN,P1,OTel alerts + task scheduler,"VibeFlow is authoritative for Incident -> Task -> Verification Loop state/policy; external IDs are references, never the source of VibeFlow truth.",OTel correlation/redaction + alert-to-task lineage tests,NOT_STARTED
VF-OBS-012,"13 Observability, analytics and incident response",OBS,LogSourceBinding,REPLIT-DERIVED-REQUIREMENT,R2V-256,Production logs,DOCUMENTED,BRIDGE,P1,OTel/log provider APIs,"External/provider implementation remains authoritative; VibeFlow owns binding, grants, policy, normalized state and evidence for LogSourceBinding.",OTel correlation/redaction + alert-to-task lineage tests,NOT_STARTED
VF-OBS-013,"13 Observability, analytics and incident response",OBS,Error/Trace Exporter,REPLIT-DERIVED-REQUIREMENT,R2V-257,Sentry error/tracing integration,PACKAGE-PROVEN,ADOPT,P1,OpenTelemetry + optional Sentry exporter,Adopt commodity/open mechanism; VibeFlow stores only product-level metadata/policy for Error/Trace Exporter.,OTel correlation/redaction + alert-to-task lineage tests,NOT_STARTED
VF-OBS-014,"13 Observability, analytics and incident response",OBS,Feature Flag Provider,REPLIT-DERIVED-REQUIREMENT,R2V-258,Statsig feature/experiment targeting,PACKAGE-PROVEN,BRIDGE,P1,OpenFeature + provider,"External/provider implementation remains authoritative; VibeFlow owns binding, grants, policy, normalized state and evidence for Feature Flag Provider.",OTel correlation/redaction + alert-to-task lineage tests,NOT_STARTED
VF-DSN-001,"14 Design, visual creation and artifact composition",DSN,ArtifactType: media,REPLIT-DERIVED-REQUIREMENT,R2V-259,Animation/video artifact,DOCUMENTED,DEFER,P2,External tool/provider,Not a greenfield core authority; no foundational dependency on this capability.,Artifact lineage + deterministic edit/source mapping + visual regression,NOT_STARTED
VF-DSN-002,"14 Design, visual creation and artifact composition",DSN,Design-to-Code Task,REPLIT-DERIVED-REQUIREMENT,R2V-260,Apply design changes back to app,DOCUMENTED,OWN,P2,Agent task with selected artifact refs,"VibeFlow is authoritative for Design-to-Code Task state/policy; external IDs are references, never the source of VibeFlow truth.",Artifact lineage + deterministic edit/source mapping + visual regression,NOT_STARTED
VF-DSN-003,"14 Design, visual creation and artifact composition",DSN,Artifact Board (later),REPLIT-DERIVED-REQUIREMENT,R2V-261,Canvas / visual board,DOCUMENTED,DEFER,P2,Excalidraw/Konva/React Flow primitives,Not a greenfield core authority; no foundational dependency on this capability.,Artifact lineage + deterministic edit/source mapping + visual regression,NOT_STARTED
VF-DSN-004,"14 Design, visual creation and artifact composition",DSN,Design Annotation Artifact,REPLIT-DERIVED-REQUIREMENT,R2V-262,Canvas annotations/shapes/sticky notes,DOCUMENTED,DEFER,P2,Canvas primitives,Not a greenfield core authority; no foundational dependency on this capability.,Artifact lineage + deterministic edit/source mapping + visual regression,NOT_STARTED
VF-DSN-005,"14 Design, visual creation and artifact composition",DSN,Artifact Frame,REPLIT-DERIVED-REQUIREMENT,R2V-263,Canvas frames,DOCUMENTED,DEFER,P2,Custom canvas frame model,Not a greenfield core authority; no foundational dependency on this capability.,Artifact lineage + deterministic edit/source mapping + visual regression,NOT_STARTED
VF-DSN-006,"14 Design, visual creation and artifact composition",DSN,ArtifactType: design,REPLIT-DERIVED-REQUIREMENT,R2V-264,Design artifact,DOCUMENTED,DEFER,P2,Canvas primitives,Not a greenfield core authority; no foundational dependency on this capability.,Artifact lineage + deterministic edit/source mapping + visual regression,NOT_STARTED
VF-DSN-007,"14 Design, visual creation and artifact composition",DSN,DesignArtifact,REPLIT-DERIVED-REQUIREMENT,R2V-265,Detached design mockup frame,DOCUMENTED,OWN,P2,Design artifact schema,"VibeFlow is authoritative for DesignArtifact state/policy; external IDs are references, never the source of VibeFlow truth.",Artifact lineage + deterministic edit/source mapping + visual regression,NOT_STARTED
VF-DSN-008,"14 Design, visual creation and artifact composition",DSN,Deterministic Source Transformation,REPLIT-DERIVED-REQUIREMENT,R2V-266,Deterministic Visual Editor changes,DOCUMENTED,DEFER,P2,AST/CSS/DOM mapping engine,Not a greenfield core authority; no foundational dependency on this capability.,Artifact lineage + deterministic edit/source mapping + visual regression,NOT_STARTED
VF-DSN-009,"14 Design, visual creation and artifact composition",DSN,Design Provider Binding,REPLIT-DERIVED-REQUIREMENT,R2V-267,Figma design import and Figma MCP paths,DOCUMENTED,BRIDGE,P2,Figma API/MCP,"External/provider implementation remains authoritative; VibeFlow owns binding, grants, policy, normalized state and evidence for Design Provider Binding.",Artifact lineage + deterministic edit/source mapping + visual regression,NOT_STARTED
VF-DSN-010,"14 Design, visual creation and artifact composition",DSN,Artifact Variant Set,REPLIT-DERIVED-REQUIREMENT,R2V-268,Generate multiple design alternatives,DOCUMENTED,DEFER,P2,Agent task + artifact graph,Not a greenfield core authority; no foundational dependency on this capability.,Artifact lineage + deterministic edit/source mapping + visual regression,NOT_STARTED
VF-DSN-011,"14 Design, visual creation and artifact composition",DSN,Artifact Canvas,REPLIT-DERIVED-REQUIREMENT,R2V-269,Infinite Design Canvas,DOCUMENTED,DEFER,P2,tldraw/Konva/React Flow + custom artifact graph,Not a greenfield core authority; no foundational dependency on this capability.,Artifact lineage + deterministic edit/source mapping + visual regression,NOT_STARTED
VF-DSN-012,"14 Design, visual creation and artifact composition",DSN,Preview Artifact Frame,REPLIT-DERIVED-REQUIREMENT,R2V-270,Live app preview frame on Canvas,DOCUMENTED,DEFER,P2,PreviewEndpoint embedded in Canvas,Not a greenfield core authority; no foundational dependency on this capability.,Artifact lineage + deterministic edit/source mapping + visual regression,NOT_STARTED
VF-DSN-013,"14 Design, visual creation and artifact composition",DSN,Artifact Relationship Graph,REPLIT-DERIVED-REQUIREMENT,R2V-271,Map multi-screen user flows,DOCUMENTED,DEFER,P2,Graph edges over artifacts,Not a greenfield core authority; no foundational dependency on this capability.,Artifact lineage + deterministic edit/source mapping + visual regression,NOT_STARTED
VF-DSN-014,"14 Design, visual creation and artifact composition",DSN,Viewport Variant,REPLIT-DERIVED-REQUIREMENT,R2V-272,Multiple responsive device-size variants,DOCUMENTED,DEFER,P2,Responsive preview presets,Not a greenfield core authority; no foundational dependency on this capability.,Artifact lineage + deterministic edit/source mapping + visual regression,NOT_STARTED
VF-DSN-015,"14 Design, visual creation and artifact composition",DSN,Artifact Export,REPLIT-DERIVED-REQUIREMENT,R2V-273,PNG export from design frame,DOCUMENTED,ADOPT,P2,Browser rendering/screenshot,Adopt commodity/open mechanism; VibeFlow stores only product-level metadata/policy for Artifact Export.,Artifact lineage + deterministic edit/source mapping + visual regression,NOT_STARTED
VF-DSN-016,"14 Design, visual creation and artifact composition",DSN,ArtifactType: slides,REPLIT-DERIVED-REQUIREMENT,R2V-274,Slides artifact,DOCUMENTED,DEFER,P2,LibreOffice/PPTX tooling,Not a greenfield core authority; no foundational dependency on this capability.,Artifact lineage + deterministic edit/source mapping + visual regression,NOT_STARTED
VF-DSN-017,"14 Design, visual creation and artifact composition",DSN,Deterministic UI edit adapter,REPLIT-DERIVED-REQUIREMENT,R2V-275,Visual Editor,DOCUMENTED,DEFER,P2,DOM/AST transforms + Agent fallback,Not a greenfield core authority; no foundational dependency on this capability.,Artifact lineage + deterministic edit/source mapping + visual regression,NOT_STARTED
VF-DSN-018,"14 Design, visual creation and artifact composition",DSN,VisualEdit -> Task Handoff,REPLIT-DERIVED-REQUIREMENT,R2V-276,Visual Editor Agent fallback,DOCUMENTED,DEFER,P2,Metadata selection + coding agent,Not a greenfield core authority; no foundational dependency on this capability.,Artifact lineage + deterministic edit/source mapping + visual regression,NOT_STARTED
VF-DSN-019,"14 Design, visual creation and artifact composition",DSN,Render-to-Source Mapping,REPLIT-DERIVED-REQUIREMENT,R2V-277,Visual element to source-code navigation,DOCUMENTED,DEFER,P2,Source maps/framework instrumentation,Not a greenfield core authority; no foundational dependency on this capability.,Artifact lineage + deterministic edit/source mapping + visual regression,NOT_STARTED
VF-NAT-001,"15 Mobile artifact creation, testing and release",NAT,MobileStoreDeployment,REPLIT-DERIVED-REQUIREMENT,R2V-278,App Store guided publishing,DOCUMENTED,BRIDGE,P2,Expo EAS/Fastlane/Apple APIs,"External/provider implementation remains authoritative; VibeFlow owns binding, grants, policy, normalized state and evidence for MobileStoreDeployment.",Real device/build/sign/store evidence where platform permits,NOT_STARTED
VF-NAT-002,"15 Mobile artifact creation, testing and release",NAT,Mobile Capability Recipe,REPLIT-DERIVED-REQUIREMENT,R2V-279;R2V-280,Contacts API integration for generated apps; Device camera API integration for generated apps,DOCUMENTED,BRIDGE,P2,Expo Camera; Expo Contacts,"External/provider implementation remains authoritative; VibeFlow owns binding, grants, policy, normalized state and evidence for Mobile Capability Recipe.",Real device/build/sign/store evidence where platform permits,NOT_STARTED
VF-NAT-003,"15 Mobile artifact creation, testing and release",NAT,MobilePreview,REPLIT-DERIVED-REQUIREMENT,R2V-281,Expo Go preview,DOCUMENTED,BRIDGE,P2,Expo,"External/provider implementation remains authoritative; VibeFlow owns binding, grants, policy, normalized state and evidence for MobilePreview.",Real device/build/sign/store evidence where platform permits,NOT_STARTED
VF-NAT-004,"15 Mobile artifact creation, testing and release",NAT,Android Release Adapter,REPLIT-DERIVED-REQUIREMENT,R2V-282,Google Play internal testing flow,DOCUMENTED,EXTERNAL,P2,Google Play/EAS,Platform rail remains authoritative; VibeFlow records intent/status/evidence for Android Release Adapter.,Real device/build/sign/store evidence where platform permits,NOT_STARTED
VF-NAT-005,"15 Mobile artifact creation, testing and release",NAT,MobileStoreDeployment(Android),REPLIT-DERIVED-REQUIREMENT,R2V-283,Google Play release,INFERRED/ARCHITECTURAL,BRIDGE,P2,Gradle/Fastlane/Play API,"External/provider implementation remains authoritative; VibeFlow owns binding, grants, policy, normalized state and evidence for MobileStoreDeployment(Android).",Real device/build/sign/store evidence where platform permits,NOT_STARTED
VF-NAT-006,"15 Mobile artifact creation, testing and release",NAT,Mobile UX Capability Recipe,REPLIT-DERIVED-REQUIREMENT,R2V-284,Haptics/native components for generated apps,DOCUMENTED,BRIDGE,P2,Expo Haptics/native APIs,"External/provider implementation remains authoritative; VibeFlow owns binding, grants, policy, normalized state and evidence for Mobile UX Capability Recipe.",Real device/build/sign/store evidence where platform permits,NOT_STARTED
VF-NAT-007,"15 Mobile artifact creation, testing and release",NAT,DeviceEmulatorCapability,REPLIT-DERIVED-REQUIREMENT,R2V-285,iOS simulator/Android emulator,DOCUMENTED,BRIDGE,P2,Android Emulator; macOS/Xcode provider for iOS,"External/provider implementation remains authoritative; VibeFlow owns binding, grants, policy, normalized state and evidence for DeviceEmulatorCapability.",Real device/build/sign/store evidence where platform permits,NOT_STARTED
VF-NAT-008,"15 Mobile artifact creation, testing and release",NAT,MobileApp Artifact,REPLIT-DERIVED-REQUIREMENT,R2V-286,Mobile artifact type selection,DOCUMENTED,OWN,P2,React Native/Expo project template metadata,"VibeFlow is authoritative for MobileApp Artifact state/policy; external IDs are references, never the source of VibeFlow truth.",Real device/build/sign/store evidence where platform permits,NOT_STARTED
VF-NAT-009,"15 Mobile artifact creation, testing and release",NAT,App Notification Capability,REPLIT-DERIVED-REQUIREMENT,R2V-287,Push notifications for generated apps,DOCUMENTED,BRIDGE,P2,Expo Notifications/APNs/FCM,"External/provider implementation remains authoritative; VibeFlow owns binding, grants, policy, normalized state and evidence for App Notification Capability.",Real device/build/sign/store evidence where platform permits,NOT_STARTED
VF-NAT-010,"15 Mobile artifact creation, testing and release",NAT,MobileArtifact,REPLIT-DERIVED-REQUIREMENT,R2V-288,React Native app generation,DOCUMENTED,BRIDGE,P2,Expo/React Native,"External/provider implementation remains authoritative; VibeFlow owns binding, grants, policy, normalized state and evidence for MobileArtifact.",Real device/build/sign/store evidence where platform permits,NOT_STARTED
VF-NAT-011,"15 Mobile artifact creation, testing and release",NAT,App Monetization Adapter,REPLIT-DERIVED-REQUIREMENT,R2V-289,RevenueCat mobile monetization integration,DOCUMENTED,BRIDGE,P2,RevenueCat,"External/provider implementation remains authoritative; VibeFlow owns binding, grants, policy, normalized state and evidence for App Monetization Adapter.",Real device/build/sign/store evidence where platform permits,NOT_STARTED
VF-NAT-012,"15 Mobile artifact creation, testing and release",NAT,Store Listing Artifact,REPLIT-DERIVED-REQUIREMENT,R2V-290,Store screenshots/icon generation,DOCUMENTED,DEFER,P2,Screenshot automation + asset generator,Not a greenfield core authority; no foundational dependency on this capability.,Real device/build/sign/store evidence where platform permits,NOT_STARTED
VF-NAT-013,"15 Mobile artifact creation, testing and release",NAT,iOS Release Adapter,REPLIT-DERIVED-REQUIREMENT,R2V-291,TestFlight release flow,DOCUMENTED,EXTERNAL,P2,Apple App Store Connect/EAS,Platform rail remains authoritative; VibeFlow records intent/status/evidence for iOS Release Adapter.,Real device/build/sign/store evidence where platform permits,NOT_STARTED
VF-AUT-001,"16 Automations, triggers and long-running services",AUT,Durable Automation Execution,REPLIT-DERIVED-REQUIREMENT,R2V-292,Retry/error state for long-running automation,INFERRED/ARCHITECTURAL,OWN,P2,Temporal/PostgreSQL job state,"VibeFlow is authoritative for Durable Automation Execution state/policy; external IDs are references, never the source of VibeFlow truth.",Durable trigger idempotency/retry/cancellation tests,NOT_STARTED
VF-AUT-002,"16 Automations, triggers and long-running services",AUT,UserAutomation,REPLIT-DERIVED-REQUIREMENT,R2V-293,Scheduled automations,DOCUMENTED,BRIDGE,P2,Temporal/provider scheduler,"External/provider implementation remains authoritative; VibeFlow owns binding, grants, policy, normalized state and evidence for UserAutomation.",Durable trigger idempotency/retry/cancellation tests,NOT_STARTED
VF-AUT-003,"16 Automations, triggers and long-running services",AUT,Schedule Trigger -> Deployment,REPLIT-DERIVED-REQUIREMENT,R2V-294,Scheduled deployment as automation primitive,DOCUMENTED,BRIDGE,P2,Deployment provider cron/scheduler,"External/provider implementation remains authoritative; VibeFlow owns binding, grants, policy, normalized state and evidence for Schedule Trigger -> Deployment.",Durable trigger idempotency/retry/cancellation tests,NOT_STARTED
VF-AUT-004,"16 Automations, triggers and long-running services",AUT,Event Trigger Adapter,REPLIT-DERIVED-REQUIREMENT,R2V-295,Slack/Telegram/chat-triggered automations,CORROBORATED,BRIDGE,P2,Webhook/MCP/provider connectors,"External/provider implementation remains authoritative; VibeFlow owns binding, grants, policy, normalized state and evidence for Event Trigger Adapter.",Durable trigger idempotency/retry/cancellation tests,NOT_STARTED
VF-AUT-005,"16 Automations, triggers and long-running services",AUT,TriggerBinding,REPLIT-DERIVED-REQUIREMENT,R2V-296,Webhook/event triggers,INFERRED/ARCHITECTURAL,DEFER,P2,Webhook gateway + Temporal,Not a greenfield core authority; no foundational dependency on this capability.,Durable trigger idempotency/retry/cancellation tests,NOT_STARTED
VF-COL-001,17 Collaboration and enterprise governance,COL,Ownership Transfer Workflow,REPLIT-DERIVED-REQUIREMENT,R2V-297,Application transfer between users/workspaces,DOCUMENTED,OWN,P2,Transactional resource transfer + audit,"VibeFlow is authoritative for Ownership Transfer Workflow state/policy; external IDs are references, never the source of VibeFlow truth.",RBAC/collaboration isolation + enterprise audit tests,NOT_STARTED
VF-COL-002,17 Collaboration and enterprise governance,COL,Org Template/Design Policy,REPLIT-DERIVED-REQUIREMENT,R2V-298,Custom templates and design systems,DOCUMENTED,DEFER,P2,Template registry/design tokens,Not a greenfield core authority; no foundational dependency on this capability.,RBAC/collaboration isolation + enterprise audit tests,NOT_STARTED
VF-COL-003,17 Collaboration and enterprise governance,COL,Org Usage Dashboard,REPLIT-DERIVED-REQUIREMENT,R2V-299,Enterprise analytics dashboard,DOCUMENTED,DEFER,P2,Warehouse/OLAP + control-plane metrics,Not a greenfield core authority; no foundational dependency on this capability.,RBAC/collaboration isolation + enterprise audit tests,NOT_STARTED
VF-COL-004,17 Collaboration and enterprise governance,COL,Org Connection Policy,REPLIT-DERIVED-REQUIREMENT,R2V-300,Enterprise connector administration,DOCUMENTED,DEFER,P2,Policy engine + connection catalog,Not a greenfield core authority; no foundational dependency on this capability.,RBAC/collaboration isolation + enterprise audit tests,NOT_STARTED
VF-COL-005,17 Collaboration and enterprise governance,COL,Org Privacy Policy,REPLIT-DERIVED-REQUIREMENT,R2V-301,Enterprise privacy controls,DOCUMENTED,DEFER,P2,Policy engine,Not a greenfield core authority; no foundational dependency on this capability.,RBAC/collaboration isolation + enterprise audit tests,NOT_STARTED
VF-COL-006,17 Collaboration and enterprise governance,COL,UsagePolicy,REPLIT-DERIVED-REQUIREMENT,R2V-302,Per-user/group spend limits,DOCUMENTED,DEFER,P2,Rules engine,Not a greenfield core authority; no foundational dependency on this capability.,RBAC/collaboration isolation + enterprise audit tests,NOT_STARTED
VF-COL-007,17 Collaboration and enterprise governance,COL,PresenceSession,REPLIT-DERIVED-REQUIREMENT,R2V-303,Presence/multiplayer,DOCUMENTED,DEFER,P2,Yjs awareness/WebSocket,Not a greenfield core authority; no foundational dependency on this capability.,RBAC/collaboration isolation + enterprise audit tests,NOT_STARTED
VF-COL-008,17 Collaboration and enterprise governance,COL,ProjectMembership,REPLIT-DERIVED-REQUIREMENT,R2V-304,Project collaborators,DOCUMENTED,OWN,P2,OpenFGA,"VibeFlow is authoritative for ProjectMembership state/policy; external IDs are references, never the source of VibeFlow truth.",RBAC/collaboration isolation + enterprise audit tests,NOT_STARTED
VF-COL-009,17 Collaboration and enterprise governance,COL,ProjectGrant,REPLIT-DERIVED-REQUIREMENT,R2V-305,Project-level invites separate from workspace membership,DOCUMENTED,OWN,P2,OpenFGA/custom RBAC,"VibeFlow is authoritative for ProjectGrant state/policy; external IDs are references, never the source of VibeFlow truth.",RBAC/collaboration isolation + enterprise audit tests,NOT_STARTED
VF-COL-010,17 Collaboration and enterprise governance,COL,Collaboration Provider Capability,REPLIT-DERIVED-REQUIREMENT,R2V-306,Real-time co-editing/presence,DOCUMENTED,BRIDGE,P2,Yjs/Liveblocks/provider CRDT,"External/provider implementation remains authoritative; VibeFlow owns binding, grants, policy, normalized state and evidence for Collaboration Provider Capability.",RBAC/collaboration isolation + enterprise audit tests,NOT_STARTED
VF-COL-011,17 Collaboration and enterprise governance,COL,EnterpriseDirectoryBinding,REPLIT-DERIVED-REQUIREMENT,R2V-307,SAML/SCIM enterprise lifecycle,DOCUMENTED,BRIDGE,P2,WorkOS/Zitadel/etc.,Authority assigned explicitly at implementation time; provider state is never silently promoted to VibeFlow truth.,RBAC/collaboration isolation + enterprise audit tests,NOT_STARTED
VF-COL-012,17 Collaboration and enterprise governance,COL,AuditSink,REPLIT-DERIVED-REQUIREMENT,R2V-308,SIEM streaming,DOCUMENTED,BRIDGE,P2,Webhook/S3/OTel exporters,"External/provider implementation remains authoritative; VibeFlow owns binding, grants, policy, normalized state and evidence for AuditSink.",RBAC/collaboration isolation + enterprise audit tests,NOT_STARTED
VF-COL-013,17 Collaboration and enterprise governance,COL,SupportBundle,REPLIT-DERIVED-REQUIREMENT,R2V-309,Support access/log upload,PACKAGE-PROVEN,OWN,P2,Redacted diagnostic bundle,"VibeFlow is authoritative for SupportBundle state/policy; external IDs are references, never the source of VibeFlow truth.",RBAC/collaboration isolation + enterprise audit tests,NOT_STARTED
VF-COL-014,17 Collaboration and enterprise governance,COL,BillingAccount/CostCenter,REPLIT-DERIVED-REQUIREMENT,R2V-310,Workspace/organization billing scope,DOCUMENTED,OWN,P2,Usage ledger,"VibeFlow is authoritative for BillingAccount/CostCenter state/policy; external IDs are references, never the source of VibeFlow truth.",RBAC/collaboration isolation + enterprise audit tests,NOT_STARTED
VF-BIL-001,"18 Billing, entitlements and commercial system",BIL,AgentUsageRecord,REPLIT-DERIVED-REQUIREMENT,R2V-311,Agent usage metering,CORROBORATED,OWN,P2,OTel usage events + ledger,"VibeFlow is authoritative for AgentUsageRecord state/policy; external IDs are references, never the source of VibeFlow truth.",Ledger/reconciliation/entitlement idempotency + provider receipt evidence,NOT_STARTED
VF-BIL-002,"18 Billing, entitlements and commercial system",BIL,Attribution,REPLIT-DERIVED-REQUIREMENT,R2V-312,AppsFlyer attribution,PACKAGE-PROVEN,REJECT/OMIT,P2,First-party UTM/install refs,Not a greenfield core authority; no foundational dependency on this capability.,Ledger/reconciliation/entitlement idempotency + provider receipt evidence,NOT_STARTED
VF-BIL-003,"18 Billing, entitlements and commercial system",BIL,UsageBudget,REPLIT-DERIVED-REQUIREMENT,R2V-313,Budgets/limits,DOCUMENTED,OWN,P2,Rules + notifications,"VibeFlow is authoritative for UsageBudget state/policy; external IDs are references, never the source of VibeFlow truth.",Ledger/reconciliation/entitlement idempotency + provider receipt evidence,NOT_STARTED
VF-BIL-004,"18 Billing, entitlements and commercial system",BIL,Provider UsageRecord categories,REPLIT-DERIVED-REQUIREMENT,R2V-314,Deployment/database/storage usage pricing dimensions,DOCUMENTED,BRIDGE,P2,Usage ingestion + invoices,"VibeFlow is authoritative for Provider UsageRecord categories state/policy; external IDs are references, never the source of VibeFlow truth.",Ledger/reconciliation/entitlement idempotency + provider receipt evidence,NOT_STARTED
VF-BIL-005,"18 Billing, entitlements and commercial system",BIL,Entitlement,REPLIT-DERIVED-REQUIREMENT,R2V-315,Entitlements,PACKAGE-PROVEN,OWN,P2,PostgreSQL + policy,"VibeFlow is authoritative for Entitlement state/policy; external IDs are references, never the source of VibeFlow truth.",Ledger/reconciliation/entitlement idempotency + provider receipt evidence,NOT_STARTED
VF-BIL-006,"18 Billing, entitlements and commercial system",BIL,FeatureFlag,REPLIT-DERIVED-REQUIREMENT,R2V-316,Feature flags/experiments,PACKAGE-PROVEN,ADOPT,P2,Simple DB flags/GrowthBook core,Adopt commodity/open mechanism; VibeFlow stores only product-level metadata/policy for FeatureFlag.,Ledger/reconciliation/entitlement idempotency + provider receipt evidence,NOT_STARTED
VF-BIL-007,"18 Billing, entitlements and commercial system",BIL,StorePurchase,REPLIT-DERIVED-REQUIREMENT,R2V-317,Mobile IAP,PACKAGE-PROVEN,OWN,P2,OpenIAP/expo-iap + StoreKit/Play Billing,"VibeFlow is authoritative for StorePurchase state/policy; external IDs are references, never the source of VibeFlow truth.",Ledger/reconciliation/entitlement idempotency + provider receipt evidence,NOT_STARTED
VF-BIL-008,"18 Billing, entitlements and commercial system",BIL,Store Purchase Reconciliation,REPLIT-DERIVED-REQUIREMENT,R2V-318;R2V-319,Native Apple purchase completion mutation; Native Google purchase completion mutation,PACKAGE-PROVEN,EXTERNAL,P2,Google Billing/OpenIAP + billing backend; StoreKit/OpenIAP + billing backend,Platform rail remains authoritative; VibeFlow records intent/status/evidence for Store Purchase Reconciliation.,Ledger/reconciliation/entitlement idempotency + provider receipt evidence,NOT_STARTED
VF-BIL-009,"18 Billing, entitlements and commercial system",BIL,Growth Campaigns,REPLIT-DERIVED-REQUIREMENT,R2V-320,Referrals/announcements,PACKAGE-PROVEN,REJECT/OMIT,P2,Custom later,Not a greenfield core authority; no foundational dependency on this capability.,Ledger/reconciliation/entitlement idempotency + provider receipt evidence,NOT_STARTED
VF-BIL-010,"18 Billing, entitlements and commercial system",BIL,AgentProvider UsageRecord,REPLIT-DERIVED-REQUIREMENT,R2V-321,Separate AI/Agent usage pricing dimension,DOCUMENTED,BRIDGE,P2,Provider usage ingestion,"VibeFlow is authoritative for AgentProvider UsageRecord state/policy; external IDs are references, never the source of VibeFlow truth.",Ledger/reconciliation/entitlement idempotency + provider receipt evidence,NOT_STARTED
VF-BIL-011,"18 Billing, entitlements and commercial system",BIL,Store Customer Link,REPLIT-DERIVED-REQUIREMENT,R2V-322,Store customer creation/retrieval,PACKAGE-PROVEN,OWN,P2,Billing account mapping,"VibeFlow is authoritative for Store Customer Link state/policy; external IDs are references, never the source of VibeFlow truth.",Ledger/reconciliation/entitlement idempotency + provider receipt evidence,NOT_STARTED
VF-BIL-012,"18 Billing, entitlements and commercial system",BIL,VibeFlowPlan,REPLIT-DERIVED-REQUIREMENT,R2V-323,Subscription plans,CORROBORATED,OWN,P2,PostgreSQL entitlement catalog,"VibeFlow is authoritative for VibeFlowPlan state/policy; external IDs are references, never the source of VibeFlow truth.",Ledger/reconciliation/entitlement idempotency + provider receipt evidence,NOT_STARTED
VF-BIL-013,"18 Billing, entitlements and commercial system",BIL,Do not copy as default,REPLIT-DERIVED-REQUIREMENT,R2V-324,Unified credits,DOCUMENTED,REJECT/OMIT,P2,Separate meters,Not a greenfield core authority; no foundational dependency on this capability.,Ledger/reconciliation/entitlement idempotency + provider receipt evidence,NOT_STARTED
VF-BIL-014,"18 Billing, entitlements and commercial system",BIL,BudgetPolicy,REPLIT-DERIVED-REQUIREMENT,R2V-325,Usage/budget configuration document,PACKAGE-PROVEN,OWN,P2,Usage meter + budget engine,"VibeFlow is authoritative for BudgetPolicy state/policy; external IDs are references, never the source of VibeFlow truth.",Ledger/reconciliation/entitlement idempotency + provider receipt evidence,NOT_STARTED
VF-BIL-015,"18 Billing, entitlements and commercial system",BIL,WebCheckout,REPLIT-DERIVED-REQUIREMENT,R2V-326,Web checkout,PACKAGE-PROVEN,BRIDGE,P2,Stripe/Paddle/etc.,Authority assigned explicitly at implementation time; provider state is never silently promoted to VibeFlow truth.,Ledger/reconciliation/entitlement idempotency + provider receipt evidence,NOT_STARTED
VF-BIL-016,"18 Billing, entitlements and commercial system",BIL,App Commerce Binding,REPLIT-DERIVED-REQUIREMENT,R2V-327,Whop/Stripe/RevenueCat monetization for user apps,DOCUMENTED,BRIDGE,P2,Stripe/Whop/RevenueCat,"External/provider implementation remains authoritative; VibeFlow owns binding, grants, policy, normalized state and evidence for App Commerce Binding.",Ledger/reconciliation/entitlement idempotency + provider receipt evidence,NOT_STARTED
VF-BIL-017,"18 Billing, entitlements and commercial system",BIL,ProviderUsageRecord,REPLIT-DERIVED-REQUIREMENT,R2V-328,Workspace/deployment/storage usage,DOCUMENTED,OWN,P2,Adapter usage APIs,"VibeFlow is authoritative for ProviderUsageRecord state/policy; external IDs are references, never the source of VibeFlow truth.",Ledger/reconciliation/entitlement idempotency + provider receipt evidence,NOT_STARTED
VF-ECO-001,"19 External clients, APIs and ecosystem interoperability",ECO,Admin API,REPLIT-DERIVED-REQUIREMENT,R2V-329,Admin API,DOCUMENTED,OWN,P2,REST/GraphQL admin API,"VibeFlow is authoritative for Admin API state/policy; external IDs are references, never the source of VibeFlow truth.",Protocol conformance + scoped authorization + compatibility tests,NOT_STARTED
VF-ECO-002,"19 External clients, APIs and ecosystem interoperability",ECO,CLI Agent/Workspace Adapter,REPLIT-DERIVED-REQUIREMENT,R2V-330,Gemini CLI extension,DOCUMENTED,BRIDGE,P2,ACP/MCP/CLI adapter,"External/provider implementation remains authoritative; VibeFlow owns binding, grants, policy, normalized state and evidence for CLI Agent/Workspace Adapter.",Protocol conformance + scoped authorization + compatibility tests,NOT_STARTED
VF-ECO-003,"19 External clients, APIs and ecosystem interoperability",ECO,Signed Import/Install Descriptor,REPLIT-DERIVED-REQUIREMENT,R2V-331,Open-in/install-link ecosystem affordances,DOCUMENTED,DEFER,P2,Deep links + signed manifests,Not a greenfield core authority; no foundational dependency on this capability.,Protocol conformance + scoped authorization + compatibility tests,NOT_STARTED
VF-ECO-004,"19 External clients, APIs and ecosystem interoperability",ECO,External Assistant Connector,REPLIT-DERIVED-REQUIREMENT,R2V-332;R2V-333,Replit in ChatGPT; Replit in Claude,DOCUMENTED,BRIDGE,P2,MCP/app connector,"External/provider implementation remains authoritative; VibeFlow owns binding, grants, policy, normalized state and evidence for External Assistant Connector.",Protocol conformance + scoped authorization + compatibility tests,NOT_STARTED
VF-ECO-005,"19 External clients, APIs and ecosystem interoperability",ECO,Messaging Control Adapter,REPLIT-DERIVED-REQUIREMENT,R2V-334,Replit in Slack,DOCUMENTED,DEFER,P2,Slack app/MCP,Not a greenfield core authority; no foundational dependency on this capability.,Protocol conformance + scoped authorization + compatibility tests,NOT_STARTED
VF-ECO-006,"19 External clients, APIs and ecosystem interoperability",ECO,VibeFlow MCP server — external client exposure,REPLIT-DERIVED-REQUIREMENT,R2V-335,Replit MCP server for external clients,DOCUMENTED,OWN,P2,MCP 2026-07-28,"VibeFlow is authoritative for VibeFlow MCP Server state/policy; external IDs are references, never the source of VibeFlow truth.",Protocol conformance + scoped authorization + compatibility tests,NOT_STARTED
VF-SAA-001,"20 SaaS business, support and administration",SAA,Account Portal,REPLIT-DERIVED-REQUIREMENT,R2V-336,Account portal,CORROBORATED,OWN,P2,React web + shared APIs,"VibeFlow is authoritative for Account Portal state/policy; external IDs are references, never the source of VibeFlow truth.",SaaS workflow + privacy/redaction + audit tests,NOT_STARTED
VF-SAA-002,"20 SaaS business, support and administration",SAA,Admin Console,REPLIT-DERIVED-REQUIREMENT,R2V-337,Admin/support console,CORROBORATED,ADOPT,P2,Retool/Appsmith/custom,Adopt commodity/open mechanism; VibeFlow stores only product-level metadata/policy for Admin Console.,SaaS workflow + privacy/redaction + audit tests,NOT_STARTED
VF-SAA-003,"20 SaaS business, support and administration",SAA,AI Development Contract,REPLIT-DERIVED-REQUIREMENT,R2V-338,AI-friendly repository instructions,INFERRED/ARCHITECTURAL,OWN,P2,AGENTS.md + llms.txt + skill manifests,"VibeFlow is authoritative for AI Development Contract state/policy; external IDs are references, never the source of VibeFlow truth.",SaaS workflow + privacy/redaction + audit tests,NOT_STARTED
VF-SAA-004,"20 SaaS business, support and administration",SAA,Email service,REPLIT-DERIVED-REQUIREMENT,R2V-339,Email lifecycle,CORROBORATED,ADOPT,P2,Resend/Postmark/etc.,Adopt commodity/open mechanism; VibeFlow stores only product-level metadata/policy for Email service.,SaaS workflow + privacy/redaction + audit tests,NOT_STARTED
VF-SAA-005,"20 SaaS business, support and administration",SAA,Enterprise feature pack,REPLIT-DERIVED-REQUIREMENT,R2V-340,Enterprise sales/provisioning,DOCUMENTED,DEFER,P2,WorkOS + CRM,Not a greenfield core authority; no foundational dependency on this capability.,SaaS workflow + privacy/redaction + audit tests,NOT_STARTED
VF-SAA-006,"20 SaaS business, support and administration",SAA,Feedback Center,REPLIT-DERIVED-REQUIREMENT,R2V-341,Feedback/help entry points,CORROBORATED,OWN,P2,Helpdesk/feedback SaaS,"VibeFlow is authoritative for Feedback Center state/policy; external IDs are references, never the source of VibeFlow truth.",SaaS workflow + privacy/redaction + audit tests,NOT_STARTED
VF-SAA-007,"20 SaaS business, support and administration",SAA,VibeFlow Web,REPLIT-DERIVED-REQUIREMENT,R2V-342,Marketing/pricing/docs site,DOCUMENTED,ADOPT,P2,Next.js/Open SaaS patterns,Adopt commodity/open mechanism; VibeFlow stores only product-level metadata/policy for VibeFlow Web.,SaaS workflow + privacy/redaction + audit tests,NOT_STARTED
VF-SAA-008,"20 SaaS business, support and administration",SAA,Billing Provider,REPLIT-DERIVED-REQUIREMENT,R2V-343,Payment invoices/tax,DOCUMENTED,BRIDGE,P2,Stripe/Paddle/etc.,Authority assigned explicitly at implementation time; provider state is never silently promoted to VibeFlow truth.,SaaS workflow + privacy/redaction + audit tests,NOT_STARTED
VF-SAA-009,"20 SaaS business, support and administration",SAA,Support Evidence Attachment,REPLIT-DERIVED-REQUIREMENT,R2V-344,Support asset upload,PACKAGE-PROVEN,OWN,P2,Object storage + signed upload,"VibeFlow is authoritative for Support Evidence Attachment state/policy; external IDs are references, never the source of VibeFlow truth.",SaaS workflow + privacy/redaction + audit tests,NOT_STARTED
VF-SAA-010,"20 SaaS business, support and administration",SAA,Diagnostic Bundle,REPLIT-DERIVED-REQUIREMENT,R2V-345,Support diagnostic log upload,PACKAGE-PROVEN,OWN,P2,Redacted diagnostic pack,"VibeFlow is authoritative for Diagnostic Bundle state/policy; external IDs are references, never the source of VibeFlow truth.",SaaS workflow + privacy/redaction + audit tests,NOT_STARTED
VF-SAA-011,"20 SaaS business, support and administration",SAA,Support Case,REPLIT-DERIVED-REQUIREMENT,R2V-346,Support request creation,PACKAGE-PROVEN,OWN,P2,Helpdesk integration,"VibeFlow is authoritative for Support Case state/policy; external IDs are references, never the source of VibeFlow truth.",SaaS workflow + privacy/redaction + audit tests,NOT_STARTED
VF-REL-001,21 Release engineering and software supply chain,REL,CleanRoomPolicy,REPLIT-DERIVED-REQUIREMENT,R2V-347,Clean-room policy,INFERRED/ARCHITECTURAL,OWN,P2,Repository policy + evidence refs,"VibeFlow is authoritative for CleanRoomPolicy state/policy; external IDs are references, never the source of VibeFlow truth.",SBOM/signature/provenance/reproducible-build/release gates,NOT_STARTED
VF-REL-002,21 Release engineering and software supply chain,REL,DependencyPolicy,REPLIT-DERIVED-REQUIREMENT,R2V-348,Commercial license policy,INFERRED/ARCHITECTURAL,OWN,P2,License allowlist + legal review,"VibeFlow is authoritative for DependencyPolicy state/policy; external IDs are references, never the source of VibeFlow truth.",SBOM/signature/provenance/reproducible-build/release gates,IMPLEMENTED
VF-REL-003,21 Release engineering and software supply chain,REL,ConformanceSuite,REPLIT-DERIVED-REQUIREMENT,R2V-349,Conformance tests,INFERRED/ARCHITECTURAL,OWN,P2,Test harness,"VibeFlow is authoritative for ConformanceSuite state/policy; external IDs are references, never the source of VibeFlow truth.",SBOM/signature/provenance/reproducible-build/release gates,IMPLEMENTED
VF-REL-004,21 Release engineering and software supply chain,REL,SBOM/DependencyRegistry,REPLIT-DERIVED-REQUIREMENT,R2V-350,Dependency inventory,PACKAGE-PROVEN,OWN,P2,Syft/OSV/license scanner,"VibeFlow is authoritative for SBOM/DependencyRegistry state/policy; external IDs are references, never the source of VibeFlow truth.",SBOM/signature/provenance/reproducible-build/release gates,IMPLEMENTED
VF-REL-005,21 Release engineering and software supply chain,REL,SBOM/Dependency Evidence,REPLIT-DERIVED-REQUIREMENT,R2V-351,Dependency/version inventory in APK,PACKAGE-PROVEN,OWN,P2,CycloneDX/Syft/Gradle lockfiles,"VibeFlow is authoritative for SBOM/Dependency Evidence state/policy; external IDs are references, never the source of VibeFlow truth.",SBOM/signature/provenance/reproducible-build/release gates,IN_PROGRESS
VF-REL-006,21 Release engineering and software supply chain,REL,Runtime Compatibility Gate,REPLIT-DERIVED-REQUIREMENT,R2V-352,Hermes v96 bytecode runtime compatibility,PACKAGE-PROVEN,ADOPT,P2,Expo/React Native/Hermes,Adopt commodity/open mechanism; VibeFlow stores only product-level metadata/policy for Runtime Compatibility Gate.,SBOM/signature/provenance/reproducible-build/release gates,NOT_STARTED
VF-REL-007,21 Release engineering and software supply chain,REL,MobileRelease,REPLIT-DERIVED-REQUIREMENT,R2V-353,Mobile binary releases,PACKAGE-PROVEN,ADOPT,P2,EAS/GitHub Actions/Fastlane,Adopt commodity/open mechanism; VibeFlow stores only product-level metadata/policy for MobileRelease.,SBOM/signature/provenance/reproducible-build/release gates,NOT_STARTED
VF-REL-008,21 Release engineering and software supply chain,REL,Native Binary Hardening Gate,REPLIT-DERIVED-REQUIREMENT,R2V-354,Native library hardening baseline,PACKAGE-PROVEN,ADOPT,P2,Compiler/linker hardening + scanner,Adopt commodity/open mechanism; VibeFlow stores only product-level metadata/policy for Native Binary Hardening Gate.,SBOM/signature/provenance/reproducible-build/release gates,NOT_STARTED
VF-REL-009,21 Release engineering and software supply chain,REL,OTARelease,REPLIT-DERIVED-REQUIREMENT,R2V-355,OTA JS/assets,PACKAGE-PROVEN,ADOPT,P2,expo-updates,Adopt commodity/open mechanism; VibeFlow stores only product-level metadata/policy for OTARelease.,SBOM/signature/provenance/reproducible-build/release gates,NOT_STARTED
VF-REL-010,21 Release engineering and software supply chain,REL,OTA Compatibility Policy,REPLIT-DERIVED-REQUIREMENT,R2V-356,OTA/native compatibility runtimeVersion,PACKAGE-PROVEN,OWN,P2,expo-updates channels/runtimeVersion,"VibeFlow is authoritative for OTA Compatibility Policy state/policy; external IDs are references, never the source of VibeFlow truth.",SBOM/signature/provenance/reproducible-build/release gates,NOT_STARTED
VF-REL-011,21 Release engineering and software supply chain,REL,Signed Native Release,REPLIT-DERIVED-REQUIREMENT,R2V-357,Signed mobile APK distribution,PACKAGE-PROVEN,EXTERNAL,P2,Android signing/EAS/Play,Platform rail remains authoritative; VibeFlow records intent/status/evidence for Signed Native Release.,SBOM/signature/provenance/reproducible-build/release gates,NOT_STARTED
VF-ENV-001,22 Project environment and configuration model,ENV,Project Runtime Descriptor,REPLIT-DERIVED-REQUIREMENT,R2V-358,.replit project configuration,DOCUMENTED,BRIDGE,P2,Dev Container + adapter extension config,"External/provider implementation remains authoritative; VibeFlow owns binding, grants, policy, normalized state and evidence for Project Runtime Descriptor.",Environment parsing/port/dependency reproducibility tests,NOT_STARTED
VF-ENV-002,22 Project environment and configuration model,ENV,Dependency Capability,REPLIT-DERIVED-REQUIREMENT,R2V-359,Dependency management UI/Agent integration,DOCUMENTED,BRIDGE,P2,Package manager/workspace adapter,"External/provider implementation remains authoritative; VibeFlow owns binding, grants, policy, normalized state and evidence for Dependency Capability.",Environment parsing/port/dependency reproducibility tests,NOT_STARTED
VF-ENV-003,22 Project environment and configuration model,ENV,Port Capability Manifest,REPLIT-DERIVED-REQUIREMENT,R2V-360,Port declaration/detection,DOCUMENTED,BRIDGE,P2,Dev Container ports/workspace adapter,"External/provider implementation remains authoritative; VibeFlow owns binding, grants, policy, normalized state and evidence for Port Capability Manifest.",Environment parsing/port/dependency reproducibility tests,NOT_STARTED
VF-ENV-004,22 Project environment and configuration model,ENV,Project Instruction Artifact,REPLIT-DERIVED-REQUIREMENT,R2V-361,replit.md project/Agent guidance,DOCUMENTED,EXTEND,P2,AGENTS.md + provider-specific compatibility,Adopt commodity/open mechanism; VibeFlow stores only product-level metadata/policy for Project Instruction Artifact.,Environment parsing/port/dependency reproducibility tests,NOT_STARTED
VF-ENV-005,22 Project environment and configuration model,ENV,Environment Definition,REPLIT-DERIVED-REQUIREMENT,R2V-362,replit.nix environment configuration,DOCUMENTED,BRIDGE,P2,Dev Containers/Nix adapters,"External/provider implementation remains authoritative; VibeFlow owns binding, grants, policy, normalized state and evidence for Environment Definition.",Environment parsing/port/dependency reproducibility tests,IN_PROGRESS
VF-GRO-001,"23 Growth, feedback, discovery and SEO",GRO,Feedback -> Task lineage,REPLIT-DERIVED-REQUIREMENT,R2V-363,Agent Inbox from published-app feedback,DOCUMENTED,DEFER,P2,Feedback widget + task API,Not a greenfield core authority; no foundational dependency on this capability.,Quality metric reproducibility + feedback/task lineage,NOT_STARTED
VF-GRO-002,"23 Growth, feedback, discovery and SEO",GRO,Growth Surface,REPLIT-DERIVED-REQUIREMENT,R2V-364,Referral/announcement growth surfaces,PACKAGE-PROVEN,REJECT/OMIT,P2,Product analytics/CRM,Not a greenfield core authority; no foundational dependency on this capability.,Quality metric reproducibility + feedback/task lineage,NOT_STARTED
VF-GRO-003,"23 Growth, feedback, discovery and SEO",GRO,SEO Finding -> Task,REPLIT-DERIVED-REQUIREMENT,R2V-365,SEO Agent,DOCUMENTED,DEFER,P2,Scanner + coding agent,Not a greenfield core authority; no foundational dependency on this capability.,Quality metric reproducibility + feedback/task lineage,NOT_STARTED
VF-GRO-004,"23 Growth, feedback, discovery and SEO",GRO,SEO Verification Check,REPLIT-DERIVED-REQUIREMENT,R2V-366,SEO Rating,DOCUMENTED,BRIDGE,P2,Lighthouse/SEO scanner,"External/provider implementation remains authoritative; VibeFlow owns binding, grants, policy, normalized state and evidence for SEO Verification Check.",Quality metric reproducibility + feedback/task lineage,NOT_STARTED
VF-UNK-001,24 Private or unknowable Replit implementation,UNK,Abuse & Risk Policy,REPLIT-DERIVED-REQUIREMENT,R2V-367,Abuse/fraud/platform-safety decision systems,UNKNOWN/PRIVATE,OWN,REFERENCE_ONLY,Rate limits/risk vendors/manual review,"VibeFlow is authoritative for Abuse & Risk Policy state/policy; external IDs are references, never the source of VibeFlow truth.",Not claimable from APK; implement from independent requirements and verify separately,NOT_STARTED
VF-UNK-002,24 Private or unknowable Replit implementation,UNK,Provider-neutral AgentBinding + policy,REPLIT-DERIVED-REQUIREMENT,R2V-368,Agent foundation/model orchestration,UNKNOWN/PRIVATE,UNKNOWN/OWN-INDEPENDENTLY,REFERENCE_ONLY,Standards/OSS primitives,Authority assigned explicitly at implementation time; provider state is never silently promoted to VibeFlow truth.,Not claimable from APK; implement from independent requirements and verify separately,NOT_STARTED
VF-UNK-003,24 Private or unknowable Replit implementation,UNK,VibeFlow Agent Policy,REPLIT-DERIVED-REQUIREMENT,R2V-369,Agent system prompts and hidden safety/tool policy,UNKNOWN/PRIVATE,OWN,REFERENCE_ONLY,Policy engine + adapter contracts,"VibeFlow is authoritative for VibeFlow Agent Policy state/policy; external IDs are references, never the source of VibeFlow truth.",Not claimable from APK; implement from independent requirements and verify separately,NOT_STARTED
VF-UNK-004,24 Private or unknowable Replit implementation,UNK,Central policy + gateway + provider grants,REPLIT-DERIVED-REQUIREMENT,R2V-370,Authorization enforcement topology,UNKNOWN/PRIVATE,UNKNOWN/OWN-INDEPENDENTLY,REFERENCE_ONLY,Standards/OSS primitives,Authority assigned explicitly at implementation time; provider state is never silently promoted to VibeFlow truth.,Not claimable from APK; implement from independent requirements and verify separately,NOT_STARTED
VF-UNK-005,24 Private or unknowable Replit implementation,UNK,Append-only VibeFlow usage/entitlement ledger,REPLIT-DERIVED-REQUIREMENT,R2V-371,Billing ledger/reconciliation internals,UNKNOWN/PRIVATE,UNKNOWN/OWN-INDEPENDENTLY,REFERENCE_ONLY,Standards/OSS primitives,Authority assigned explicitly at implementation time; provider state is never silently promoted to VibeFlow truth.,Not claimable from APK; implement from independent requirements and verify separately,NOT_STARTED
VF-UNK-006,24 Private or unknowable Replit implementation,UNK,VibeFlow Billing Ledger,REPLIT-DERIVED-REQUIREMENT,R2V-372,Billing ledger/tax/reconciliation implementation,UNKNOWN/PRIVATE,OWN,REFERENCE_ONLY,Stripe/Paddle/Kill Bill style components,"VibeFlow is authoritative for VibeFlow Billing Ledger state/policy; external IDs are references, never the source of VibeFlow truth.",Not claimable from APK; implement from independent requirements and verify separately,NOT_STARTED
VF-UNK-007,24 Private or unknowable Replit implementation,UNK,VibeFlow CheckpointManifest + recovery transaction,REPLIT-DERIVED-REQUIREMENT,R2V-373,Checkpoint atomicity algorithm,UNKNOWN/PRIVATE,UNKNOWN/OWN-INDEPENDENTLY,REFERENCE_ONLY,Standards/OSS primitives,Authority assigned explicitly at implementation time; provider state is never silently promoted to VibeFlow truth.,Not claimable from APK; implement from independent requirements and verify separately,NOT_STARTED
VF-UNK-008,24 Private or unknowable Replit implementation,UNK,VibeFlow Connection/SecretRef broker,REPLIT-DERIVED-REQUIREMENT,R2V-374,Connector credential broker storage,UNKNOWN/PRIVATE,UNKNOWN/OWN-INDEPENDENTLY,REFERENCE_ONLY,Standards/OSS primitives,Authority assigned explicitly at implementation time; provider state is never silently promoted to VibeFlow truth.,Not claimable from APK; implement from independent requirements and verify separately,NOT_STARTED
VF-UNK-009,24 Private or unknowable Replit implementation,UNK,Connection Broker,REPLIT-DERIVED-REQUIREMENT,R2V-375,Connector credential storage/token-broker implementation,UNKNOWN/PRIVATE,OWN,REFERENCE_ONLY,KMS-backed token vault,"VibeFlow is authoritative for Connection Broker state/policy; external IDs are references, never the source of VibeFlow truth.",Not claimable from APK; implement from independent requirements and verify separately,NOT_STARTED
VF-UNK-010,24 Private or unknowable Replit implementation,UNK,Checkpoint Manifest + reconciliation,REPLIT-DERIVED-REQUIREMENT,R2V-376,Cross-resource checkpoint transaction algorithm,UNKNOWN/PRIVATE,OWN,REFERENCE_ONLY,Immutable manifests + provider snapshots,"VibeFlow is authoritative for Checkpoint Manifest + reconciliation state/policy; external IDs are references, never the source of VibeFlow truth.",Not claimable from APK; implement from independent requirements and verify separately,NOT_STARTED
VF-UNK-011,24 Private or unknowable Replit implementation,UNK,Deployment provider adapters,REPLIT-DERIVED-REQUIREMENT,R2V-377,Deployment scheduler/runtime topology,UNKNOWN/PRIVATE,UNKNOWN/OWN-INDEPENDENTLY,REFERENCE_ONLY,Standards/OSS primitives,Authority assigned explicitly at implementation time; provider state is never silently promoted to VibeFlow truth.,Not claimable from APK; implement from independent requirements and verify separately,NOT_STARTED
VF-UNK-012,24 Private or unknowable Replit implementation,UNK,Provider-neutral Control Plane API,REPLIT-DERIVED-REQUIREMENT,R2V-378,Exact client-visible GraphQL server schema and resolver implementation,UNKNOWN/PRIVATE,UNKNOWN/OWN-INDEPENDENTLY,REFERENCE_ONLY,Custom VibeFlow API,No Replit implementation authority assumed; VibeFlow defines independently.,Not claimable from APK; implement from independent requirements and verify separately,NOT_STARTED
VF-UNK-013,24 Private or unknowable Replit implementation,UNK,Explicit origin/session/grant binding,REPLIT-DERIVED-REQUIREMENT,R2V-379,Mobile-web origin security implementation,UNKNOWN/PRIVATE,UNKNOWN/OWN-INDEPENDENTLY,REFERENCE_ONLY,Standards/OSS primitives,Authority assigned explicitly at implementation time; provider state is never silently promoted to VibeFlow truth.,Not claimable from APK; implement from independent requirements and verify separately,NOT_STARTED
VF-UNK-014,24 Private or unknowable Replit implementation,UNK,Model Routing Policy,REPLIT-DERIVED-REQUIREMENT,R2V-380,Model routing/evaluation economics,UNKNOWN/PRIVATE,BRIDGE,REFERENCE_ONLY,Model gateway/provider adapters,"VibeFlow is authoritative for Model Routing Policy state/policy; external IDs are references, never the source of VibeFlow truth.",Not claimable from APK; implement from independent requirements and verify separately,NOT_STARTED
VF-UNK-015,24 Private or unknowable Replit implementation,UNK,Yjs/standard collaborative state if needed,REPLIT-DERIVED-REQUIREMENT,R2V-381,Multiplayer sync protocol,UNKNOWN/PRIVATE,UNKNOWN/OWN-INDEPENDENTLY,REFERENCE_ONLY,Standards/OSS primitives,Authority assigned explicitly at implementation time; provider state is never silently promoted to VibeFlow truth.,Not claimable from APK; implement from independent requirements and verify separately,NOT_STARTED
VF-UNK-016,24 Private or unknowable Replit implementation,UNK,OpenTelemetry + pluggable backend,REPLIT-DERIVED-REQUIREMENT,R2V-382,Observability backend/storage,UNKNOWN/PRIVATE,UNKNOWN/OWN-INDEPENDENTLY,REFERENCE_ONLY,Standards/OSS primitives,Authority assigned explicitly at implementation time; provider state is never silently promoted to VibeFlow truth.,Not claimable from APK; implement from independent requirements and verify separately,NOT_STARTED
VF-UNK-017,24 Private or unknowable Replit implementation,UNK,OTel Telemetry Plane,REPLIT-DERIVED-REQUIREMENT,R2V-383,Observability sampling/storage topology,UNKNOWN/PRIVATE,ADOPT,REFERENCE_ONLY,OpenTelemetry + chosen backend,Adopt commodity/open mechanism; VibeFlow stores only product-level metadata/policy for OTel Telemetry Plane.,Not claimable from APK; implement from independent requirements and verify separately,NOT_STARTED
VF-UNK-018,24 Private or unknowable Replit implementation,UNK,Deployment Adapter Contract,REPLIT-DERIVED-REQUIREMENT,R2V-384,Production deployment scheduler/control plane topology,UNKNOWN/PRIVATE,BRIDGE,REFERENCE_ONLY,Provider adapters,"External/provider implementation remains authoritative; VibeFlow owns binding, grants, policy, normalized state and evidence for Deployment Adapter Contract.",Not claimable from APK; implement from independent requirements and verify separately,NOT_STARTED
VF-UNK-019,24 Private or unknowable Replit implementation,UNK,Collaboration Provider Contract,REPLIT-DERIVED-REQUIREMENT,R2V-385,Real-time multiplayer synchronization algorithm,UNKNOWN/PRIVATE,BRIDGE,REFERENCE_ONLY,Yjs/Automerge/provider,"External/provider implementation remains authoritative; VibeFlow owns binding, grants, policy, normalized state and evidence for Collaboration Provider Contract.",Not claimable from APK; implement from independent requirements and verify separately,NOT_STARTED
VF-UNK-020,24 Private or unknowable Replit implementation,UNK,SecretRef / Credential Broker,REPLIT-DERIVED-REQUIREMENT,R2V-386,Secrets KMS envelope/key hierarchy,UNKNOWN/PRIVATE,OWN,REFERENCE_ONLY,KMS/HSM-backed secret service,"VibeFlow is authoritative for SecretRef / Credential Broker state/policy; external IDs are references, never the source of VibeFlow truth.",Not claimable from APK; implement from independent requirements and verify separately,NOT_STARTED
VF-UNK-021,24 Private or unknowable Replit implementation,UNK,KMS-backed secret boundary,REPLIT-DERIVED-REQUIREMENT,R2V-387,Secrets KMS/HSM hierarchy,UNKNOWN/PRIVATE,UNKNOWN/OWN-INDEPENDENTLY,REFERENCE_ONLY,Standards/OSS primitives,Authority assigned explicitly at implementation time; provider state is never silently promoted to VibeFlow truth.,Not claimable from APK; implement from independent requirements and verify separately,NOT_STARTED
VF-UNK-022,24 Private or unknowable Replit implementation,UNK,VibeFlow API/control plane schema,REPLIT-DERIVED-REQUIREMENT,R2V-388,Server GraphQL schema/resolvers,UNKNOWN/PRIVATE,UNKNOWN/OWN-INDEPENDENTLY,REFERENCE_ONLY,Standards/OSS primitives,Authority assigned explicitly at implementation time; provider state is never silently promoted to VibeFlow truth.,Not claimable from APK; implement from independent requirements and verify separately,NOT_STARTED
VF-UNK-023,24 Private or unknowable Replit implementation,UNK,BYOW first; provider capability + later own isolation,REPLIT-DERIVED-REQUIREMENT,R2V-389,Workspace scheduler and sandbox isolation,UNKNOWN/PRIVATE,UNKNOWN/OWN-INDEPENDENTLY,REFERENCE_ONLY,Standards/OSS primitives,Authority assigned explicitly at implementation time; provider state is never silently promoted to VibeFlow truth.,Not claimable from APK; implement from independent requirements and verify separately,NOT_STARTED
VF-UNK-024,24 Private or unknowable Replit implementation,UNK,Workspace Provider Contract,REPLIT-DERIVED-REQUIREMENT,R2V-390,Workspace scheduler/kernel multi-tenant boundary,UNKNOWN/PRIVATE,BRIDGE,REFERENCE_ONLY,Daytona/E2B/Kubernetes/gVisor/Firecracker adapters,"External/provider implementation remains authoritative; VibeFlow owns binding, grants, policy, normalized state and evidence for Workspace Provider Contract.",Not claimable from APK; implement from independent requirements and verify separately,NOT_STARTED
VF-PORT-001,25 VibeFlow-native PORT,PORT,Cross-provider project portability,VibeFlow-native requirement,,,ARCHITECTURAL,OWN,P0,,Project remains stable while any provider binding is replaced.,Provider migration E2E,NOT_STARTED
VF-PORT-002,25 VibeFlow-native PORT,PORT,Agent provider portability,VibeFlow-native requirement,,,ARCHITECTURAL,OWN,P0,,Task/Execution semantics do not depend on one agent vendor.,Agent adapter certification,NOT_STARTED
VF-PORT-003,25 VibeFlow-native PORT,PORT,Model provider portability,VibeFlow-native requirement,,,ARCHITECTURAL,OWN,P0,,ModelBinding can change without redefining Task or Project.,Model adapter certification,NOT_STARTED
VF-PORT-004,25 VibeFlow-native PORT,PORT,Workspace provider portability,VibeFlow-native requirement,,,ARCHITECTURAL,OWN,P0,,WorkspaceBinding replacement preserves project authority and reconciliation.,Workspace migration/reconciliation E2E,NOT_STARTED
VF-PORT-005,25 VibeFlow-native PORT,PORT,Deployment provider portability,VibeFlow-native requirement,,,ARCHITECTURAL,OWN,P1,,Release is provider-neutral and can target multiple deployment bindings.,Release portability E2E,NOT_STARTED
VF-TRU-001,25 VibeFlow-native TRU,TRU,Independent completion verification authority,VibeFlow-native requirement,,,ARCHITECTURAL,OWN,P0,,Agent candidate completion can never directly become VERIFIED.,Negative + positive verification E2E,NOT_STARTED
VF-TRU-002,25 VibeFlow-native TRU,TRU,Execution recovery classification,VibeFlow-native requirement,,,ARCHITECTURAL,OWN,P0,,"Reconnect, replay, workspace recovery and execution recovery remain distinct.",Crash-window test suite,NOT_STARTED
VF-TRU-003,25 VibeFlow-native TRU,TRU,Evidence export and attestation bundle,VibeFlow-native requirement,,,ARCHITECTURAL,OWN,P1,,User can export immutable evidence for a release/execution.,Hash/provenance verification,NOT_STARTED
VF-TRU-004,25 VibeFlow-native TRU,TRU,Provider certification framework,VibeFlow-native requirement,,,ARCHITECTURAL,OWN,P1,,Adapters are admitted only after contract/security/recovery tests.,Certification suite,NOT_STARTED
VF-TRU-005,25 VibeFlow-native TRU,TRU,Protocol compatibility harness,VibeFlow-native requirement,,,ARCHITECTURAL,OWN,P1,,ACP/MCP/A2A/AG-UI version profiles are conformance-tested.,Protocol conformance CI,NOT_STARTED
VF-POL-001,25 VibeFlow-native POL,POL,Cross-provider connection grants,VibeFlow-native requirement,,,ARCHITECTURAL,OWN,P0,,A linked external account is not automatically available to every agent/project/task.,Grant isolation E2E,NOT_STARTED
VF-POL-002,25 VibeFlow-native POL,POL,Unified approval inbox,VibeFlow-native requirement,,,ARCHITECTURAL,OWN,P0,,Privileged actions survive disconnect and require durable decisions.,Approval race/reconnect tests,NOT_STARTED
VF-POL-003,25 VibeFlow-native POL,POL,Spend and resource budget policy,VibeFlow-native requirement,,,ARCHITECTURAL,OWN,P1,,Provider costs and execution budgets are enforced independently.,Budget cutoff tests,NOT_STARTED
VF-AI-001,25 VibeFlow-native AI,AI,Agent admission and capability negotiation,VibeFlow-native requirement,,,ARCHITECTURAL,OWN,P0,,Agent capabilities are discovered and bound; no implicit feature assumptions.,Negotiation fixtures,NOT_STARTED
VF-AI-002,25 VibeFlow-native AI,AI,Context provenance and redaction policy,VibeFlow-native requirement,,,ARCHITECTURAL,OWN,P1,,Every context injection can identify source/scope and secret redaction behavior.,Context leak tests,NOT_STARTED
VF-AI-003,25 VibeFlow-native AI,AI,Agent handoff with authority preservation,VibeFlow-native requirement,,,ARCHITECTURAL,OWN,P1,,Delegation/handoff does not transfer more authority than the parent grant.,Delegation scope tests,NOT_STARTED
VF-UX-001,25 VibeFlow-native UX,UX,Provider-neutral UX normalization,VibeFlow-native requirement,,,ARCHITECTURAL,OWN,P0,,Different providers project into one consistent state/interaction vocabulary.,Cross-provider UX E2E,NOT_STARTED
VF-UX-002,25 VibeFlow-native UX,UX,Mobile-first remote action center,VibeFlow-native requirement,,,ARCHITECTURAL,OWN,P0,,Phone can inspect/approve/cancel/recover without owning execution.,Disconnect/reconnect mobile E2E,NOT_STARTED
VF-ECO-007,25 VibeFlow-native ECO,ECO,VibeFlow project export/import manifest,VibeFlow-native requirement,,,ARCHITECTURAL,OWN,P1,,Bindings/policies/artifact lineage can be exported without exporting secrets.,Round-trip portability test,NOT_STARTED
VF-ECO-008,25 VibeFlow-native ECO,ECO,External agent/client session grants,VibeFlow-native requirement,,,ARCHITECTURAL,OWN,P1,,External ACP/MCP/A2A clients receive scoped sessions rather than raw authority.,External client security tests,NOT_STARTED
